,0,1,2,3,4,5,6,7,8,9,10,11,12,13,14,15,16,17,18,19,20,21,22,23,24,25,26,27,28,29,30,31,32,33,34,35,36,37,38,39
0,B,A,B,B,B,B,B,B,A,B,B,A,B,B,B,A,B,B,B,A,B,A,B,B,B,B,B,B,B,B,A,B,B,B,B,B,B,B,B,A
1,B,B,A,B,B,A,B,B,B,A,B,A,B,B,B,B,B,B,B,B,B,B,B,B,B,A,B,B,B,A,B,B,B,A,B,B,A,B,B,B
2,B,A,B,B,B,B,B,B,A,B,B,B,B,A,B,B,B,B,B,B,B,A,B,B,B,A,A,B,B,B,A,B,B,B,B,B,B,A,B,B
3,B,B,A,B,A,B,A,B,B,B,B,B,B,B,B,B,A,B,B,A,A,B,B,B,B,B,B,B,B,B,A,B,B,B,B,B,B,B,A,B
4,A,A,B,B,B,A,B,B,B,B,B,B,B,B,B,B,B,B,B,A,B,B,A,B,B,B,B,B,B,A,B,B,B,B,B,B,B,A,A,B
5,B,A,B,A,A,B,B,B,B,B,A,B,B,B,B,B,B,A,A,B,B,B,B,B,A,B,B,B,A,B,B,B,B,B,B,B,B,B,B,B
6,B,B,B,B,B,B,B,B,B,B,B,B,A,B,B,B,B,B,A,A,B,B,B,B,B,A,B,B,B,A,A,B,B,B,B,B,A,B,A,B
7,B,B,B,B,B,B,B,B,B,B,A,B,B,B,B,A,B,B,B,B,B,B,A,B,B,B,B,A,B,B,B,B,B,B,A,A,B,A,B,A
8,B,A,B,B,B,B,B,B,B,B,B,B,B,B,B,B,B,B,B,B,B,B,A,A,B,B,B,B,B,B,A,A,B,B,B,A,A,A,B,B
9,B,B,B,B,B,B,B,B,B,B,B,A,B,B,B,B,B,B,B,B,A,A,B,B,B,B,B,B,B,A,A,A,B,A,B,A,B,B,B,B
10,B,A,A,B,B,B,B,A,B,B,B,B,A,B,B,B,A,B,B,A,B,B,B,B,B,B,B,A,B,A,B,B,B,B,B,B,B,B,B,B
11,B,B,B,B,B,B,B,B,B,B,B,A,A,B,A,B,B,B,B,B,B,A,B,A,B,B,B,B,A,B,A,B,B,B,B,B,B,B,A,B
12,A,A,B,B,A,B,B,A,A,B,A,B,B,B,B,B,B,B,B,A,B,B,B,A,B,B,B,B,B,B,B,B,B,B,B,B,B,B,B,B
13,B,B,B,B,B,B,B,B,A,B,A,A,B,B,A,B,B,B,A,A,B,B,B,B,B,B,B,B,B,B,B,B,B,A,B,B,B,B,A,B
14,B,B,B,B,A,A,B,A,B,A,B,B,B,B,B,B,A,B,B,B,B,B,B,B,A,A,B,B,B,B,B,B,B,B,B,B,B,B,A,B
15,B,A,B,B,B,B,A,B,B,B,B,B,B,B,B,B,B,A,B,B,B,B,A,B,B,B,B,B,A,B,B,B,B,A,A,B,B,A,B,B
16,B,A,B,B,A,B,A,A,B,B,B,B,B,B,B,B,B,B,B,B,B,B,B,B,A,B,B,B,B,B,B,B,B,B,B,A,B,A,B,A
17,B,B,B,B,B,B,A,A,B,B,B,B,B,B,B,B,B,A,B,A,A,B,B,B,B,A,B,B,A,B,B,B,B,B,B,B,B,B,B,A
18,B,B,B,B,B,B,B,B,B,A,B,B,B,B,A,B,B,B,A,B,B,B,B,A,B,B,A,B,B,A,B,B,B,A,A,B,B,B,B,B
19,A,B,B,B,B,A,A,B,B,B,A,A,B,A,B,A,B,B,B,B,B,B,B,B,B,B,B,B,B,B,B,B,B,B,A,B,B,B,B,B
20,B,B,B,B,A,B,B,A,B,A,B,B,B,A,A,B,B,B,B,B,B,B,B,A,B,B,B,A,B,B,B,B,B,B,B,B,A,B,B,B
21,B,B,B,B,B,B,A,A,A,B,B,B,B,B,B,A,B,B,B,B,B,B,B,B,B,B,B,A,B,B,A,A,B,B,B,B,B,B,A,B
22,B,B,A,B,B,B,B,A,B,B,B,A,B,B,B,A,B,B,B,B,B,B,A,B,B,B,B,B,A,B,B,B,B,B,B,A,B,B,B,A
23,A,A,B,B,B,A,B,B,A,B,B,B,B,A,A,B,B,B,B,B,B,B,B,A,B,B,B,B,B,B,B,B,B,B,B,B,A,B,B,B
24,B,B,B,A,B,B,B,A,B,A,B,B,B,B,B,B,B,B,B,B,B,A,B,B,B,B,A,B,B,A,B,B,B,A,B,B,B,B,B,A
25,B,B,B,B,B,B,A,B,B,B,B,B,B,B,B,B,B,A,B,A,B,A,A,B,B,A,B,B,A,B,B,B,A,B,B,B,B,B,B,B
26,B,A,A,B,B,B,B,B,B,B,B,B,B,B,A,B,A,B,B,A,B,B,B,B,A,B,B,B,B,B,B,A,B,A,B,B,B,B,B,B
27,B,B,A,B,B,B,B,B,B,B,B,B,B,B,B,B,B,A,B,B,B,A,B,A,B,B,B,B,B,B,B,A,B,A,B,A,B,B,B,A
28,B,B,B,B,A,B,B,B,B,B,B,B,A,B,B,B,A,B,A,B,B,B,B,A,A,B,B,B,B,A,B,B,B,B,B,B,B,A,B,B
29,B,B,B,B,A,B,B,B,B,B,B,B,B,B,B,B,A,A,B,A,B,A,B,B,B,B,B,A,B,B,B,B,B,B,B,A,A,B,B,B
30,B,B,B,B,B,B,B,B,B,B,B,B,B,B,B,B,B,B,B,B,B,A,A,B,B,B,A,B,B,B,B,B,A,B,A,B,A,A,B,A
31,B,B,B,B,B,A,B,B,B,A,B,B,B,B,B,B,B,B,A,B,B,B,A,B,B,B,B,B,B,B,B,B,B,A,A,B,A,B,B,A
32,B,B,A,B,B,A,B,B,B,B,B,A,B,B,B,A,B,B,A,B,B,B,B,A,B,B,B,B,B,A,B,B,A,B,B,B,B,B,B,B
33,B,B,B,B,B,B,B,B,B,B,A,B,B,B,A,A,B,B,B,B,B,A,B,B,B,B,B,B,A,B,B,B,B,B,B,A,A,B,A,B
34,B,B,A,B,B,B,B,B,A,B,B,B,B,B,A,B,A,A,B,B,A,B,B,B,B,A,B,B,B,B,B,B,B,B,A,B,B,B,B,B
35,A,B,B,B,B,A,B,B,A,B,B,A,B,B,B,B,B,B,B,B,B,A,B,A,B,B,B,B,B,B,B,B,B,A,B,B,A,B,B,B
36,B,B,B,B,B,A,A,B,B,A,B,B,B,B,B,B,B,A,B,A,B,B,B,B,B,B,B,B,B,A,B,B,B,A,A,B,B,B,B,B
37,A,B,B,B,B,B,B,B,B,B,B,B,A,B,A,A,B,B,B,A,B,B,B,B,A,B,B,B,B,B,B,B,B,B,A,B,B,B,B,A
38,B,B,B,B,B,B,B,A,B,B,B,B,A,B,A,A,B,B,B,B,A,B,B,B,B,B,B,B,B,B,A,B,B,B,A,B,A,B,B,B
39,B,A,B,A,B,B,B,B,B,A,B,B,B,B,B,A,B,B,B,B,A,B,A,B,B,B,B,B,A,B,B,A,B,B,B,B,B,B,B,B
40,B,B,B,B,B,B,B,B,B,B,B,B,B,B,A,B,A,B,B,B,A,A,B,B,B,A,B,B,B,A,B,B,B,A,B,B,B,A,B,B
41,B,A,B,B,B,B,B,B,B,A,B,B,B,B,B,B,B,B,B,B,B,A,B,B,B,B,B,A,A,A,A,B,B,B,B,A,B,B,B,B
42,B,B,B,A,B,B,B,A,B,B,B,B,B,B,A,B,B,B,B,A,B,B,A,B,B,B,A,B,B,B,B,A,B,B,A,B,B,B,B,B
43,B,B,A,B,B,B,A,B,B,B,B,A,B,B,B,A,B,B,B,B,B,B,B,B,B,B,B,B,B,A,B,B,B,B,B,B,A,A,B,A
44,A,B,A,B,B,A,B,B,B,B,B,A,B,B,B,A,B,B,B,B,B,B,A,B,B,B,B,A,A,B,B,B,B,B,B,B,B,B,B,B
45,B,B,A,B,A,A,B,B,B,B,A,B,A,A,B,B,B,B,B,B,B,B,B,B,B,B,B,B,B,B,B,B,B,B,B,A,A,B,B,B
46,B,A,A,B,A,B,B,B,A,B,A,B,B,B,B,B,B,A,B,A,B,B,B,B,B,B,B,A,B,B,B,B,B,B,B,B,B,B,B,B
47,B,A,B,B,B,B,B,B,B,A,A,B,B,B,A,B,B,B,B,B,B,B,B,B,B,A,B,B,A,B,B,B,A,B,A,B,B,B,B,B
48,A,B,B,A,B,A,B,B,B,B,B,B,B,B,B,A,B,B,B,B,B,B,B,B,B,B,A,B,B,B,B,B,A,B,B,A,B,B,A,B
49,B,B,B,B,B,B,B,A,B,B,B,A,B,B,A,B,B,A,B,B,B,B,B,B,B,A,B,B,A,B,A,B,B,B,B,B,B,A,B,B
50,A,B,B,B,B,B,B,B,B,B,B,B,B,B,A,B,B,B,B,B,A,B,B,B,B,B,A,B,B,B,B,A,B,B,B,A,A,A,B,B
51,B,B,B,B,B,B,B,A,B,B,B,B,A,B,B,A,B,B,B,B,A,B,B,A,B,B,B,B,A,B,A,B,B,B,A,B,B,B,B,B
52,B,B,A,B,B,A,B,B,B,B,B,B,B,A,B,B,A,B,B,B,B,B,B,B,B,B,B,B,B,B,A,B,A,B,B,B,B,B,A,A
53,B,B,B,B,B,B,B,B,A,B,A,B,B,A,B,B,B,B,B,B,B,B,B,B,A,B,B,A,B,A,A,B,B,B,B,B,B,A,B,B
54,B,B,B,B,B,B,A,B,A,B,B,B,B,B,B,B,B,B,B,B,B,B,A,A,B,B,B,B,A,B,B,B,B,A,B,B,A,A,B,B
55,B,B,B,A,B,B,B,B,B,B,A,B,B,B,B,B,B,A,B,B,A,B,B,A,A,B,B,A,B,B,B,B,B,B,B,B,B,B,B,A
56,B,B,B,B,B,B,A,A,B,B,B,A,B,B,A,B,A,B,A,B,B,B,A,B,B,B,B,B,B,B,B,B,B,B,B,B,B,B,A,B
57,B,B,B,B,B,B,A,A,B,B,A,B,B,B,B,B,B,B,B,A,B,B,B,A,A,A,A,B,B,B,B,B,B,B,B,B,B,B,B,B
58,B,A,A,B,B,B,B,B,B,A,B,B,B,B,A,B,B,B,A,B,B,B,B,B,B,B,B,B,B,B,B,B,B,A,B,A,B,B,A,B
59,B,B,B,B,B,B,B,B,A,B,B,B,B,B,B,A,B,B,A,B,B,B,B,B,A,A,A,B,B,B,B,B,B,A,B,A,B,B,B,B
60,A,A,B,B,B,B,B,B,B,B,B,A,B,B,B,B,B,B,B,A,A,B,B,A,B,B,B,B,B,B,B,B,A,B,B,B,B,B,B,A
61,B,A,A,B,B,B,B,B,B,B,B,B,B,B,B,B,A,B,B,B,A,B,B,B,B,B,B,B,B,B,A,A,B,B,B,B,B,A,A,B
62,A,B,B,B,B,B,B,B,B,A,B,B,B,B,B,A,B,B,B,B,B,B,A,B,B,B,B,B,A,A,A,A,B,B,B,B,B,B,B,B
63,B,B,B,B,B,B,B,A,B,A,A,B,B,B,B,B,B,B,B,B,B,A,B,B,B,B,B,A,B,B,B,B,A,B,A,B,A,B,B,B
64,A,B,A,A,B,B,B,B,B,B,A,B,B,A,B,B,B,B,B,B,B,B,B,B,B,B,B,B,B,A,B,B,B,B,A,B,B,B,B,A
65,B,B,B,A,B,A,B,A,B,B,B,A,A,B,B,B,A,B,B,B,B,B,B,B,B,B,B,B,B,B,B,B,A,B,B,B,B,A,B,B
66,B,B,B,B,A,B,B,B,B,B,B,B,B,B,B,A,A,B,A,A,A,B,B,A,B,B,B,B,B,B,B,B,B,B,B,B,B,A,B,B
67,B,B,B,B,B,B,B,B,A,B,B,B,B,A,B,B,B,A,B,B,B,B,B,A,B,B,B,B,B,B,B,B,A,A,A,B,B,B,A,B
68,B,B,B,B,B,B,A,B,B,B,A,A,B,B,B,B,A,B,B,B,A,B,B,B,B,B,B,B,B,B,B,B,B,B,A,B,B,A,B,A
69,A,B,B,B,B,B,B,B,B,B,A,B,B,B,B,A,B,B,B,B,B,A,B,B,B,A,B,B,B,A,B,B,B,B,B,B,A,A,B,B
70,A,A,A,B,B,A,B,B,B,B,B,A,B,B,B,B,B,B,B,B,B,B,B,A,B,B,B,B,B,B,B,B,B,B,A,B,B,A,B,B
71,B,B,A,B,B,A,B,B,A,A,A,B,A,B,B,B,B,A,B,B,B,B,B,B,B,B,B,B,B,B,B,B,A,B,B,B,B,B,B,B
72,A,B,A,B,B,B,A,B,B,B,A,B,B,B,B,B,B,B,A,B,A,B,B,B,B,B,B,B,B,A,B,B,B,B,B,A,B,B,B,B
73,A,B,A,B,B,B,B,B,B,B,B,B,B,B,B,B,B,B,A,B,B,A,B,B,A,B,B,A,B,A,B,A,B,B,B,B,B,B,B,B
74,B,B,B,B,B,B,B,A,B,A,B,A,B,B,B,B,A,B,B,A,B,B,B,A,B,B,B,B,B,B,B,B,B,B,A,B,A,B,B,B
75,B,B,B,A,B,A,B,B,B,B,B,A,B,B,B,B,B,A,A,B,B,B,A,B,B,B,B,B,B,B,B,B,B,B,B,B,A,A,B,B
76,B,B,B,A,B,B,B,B,A,A,B,B,B,B,B,B,B,B,B,A,B,B,B,B,B,B,B,B,B,B,A,B,B,A,B,A,B,B,B,A
77,B,B,A,B,B,A,B,B,B,B,B,B,B,B,A,A,B,A,B,B,A,B,B,B,B,B,B,B,B,B,B,B,B,B,B,A,B,B,B,A
78,B,B,A,B,B,B,A,B,B,A,B,B,B,B,B,B,B,B,B,A,B,B,A,B,B,B,B,A,B,B,B,B,B,B,A,B,A,B,B,B
79,B,A,B,B,B,B,B,B,B,A,B,A,A,B,B,B,B,A,B,B,B,B,B,A,B,B,B,B,A,A,B,B,B,B,B,B,B,B,B,B
80,A,B,B,B,B,B,B,B,B,A,B,B,B,B,A,B,B,B,B,B,B,A,B,B,B,B,B,B,A,B,B,B,B,B,A,B,B,A,A,B
81,B,B,B,B,B,B,B,B,B,B,B,B,B,B,A,B,B,B,B,B,B,B,B,A,A,B,A,B,A,B,B,B,A,B,A,B,B,A,B,B
82,B,B,B,B,B,B,B,B,A,B,B,B,B,B,B,B,B,A,B,A,B,A,B,A,A,A,B,B,B,B,B,B,B,B,A,B,B,B,B,B
83,B,B,A,A,B,B,B,B,A,B,B,A,B,B,B,B,B,B,A,B,B,B,A,A,B,B,B,B,B,B,A,B,B,B,B,B,B,B,B,B
84,B,B,B,B,A,A,B,B,B,A,B,B,A,B,B,A,B,B,B,B,A,B,B,B,B,B,B,B,B,B,B,B,B,A,B,B,B,A,B,B
85,B,B,B,B,A,B,B,B,B,B,B,B,B,B,A,B,B,B,B,B,B,B,B,A,A,B,A,A,B,A,B,B,B,B,A,B,B,B,B,B
86,A,B,B,B,A,A,B,B,B,B,B,B,A,B,B,B,A,B,B,B,B,A,A,B,B,B,B,B,B,B,B,B,B,B,B,B,A,B,B,B
87,B,B,B,B,B,B,A,B,B,B,B,B,B,B,B,B,A,A,B,A,B,B,A,B,A,B,B,B,B,B,B,B,A,B,B,B,B,A,B,B
88,B,A,A,B,B,B,A,B,B,B,B,B,B,A,B,B,B,B,B,B,B,B,B,A,B,B,B,B,B,B,A,B,B,B,A,B,B,B,B,A
89,B,B,B,B,B,B,B,B,B,B,B,A,A,B,B,B,B,B,B,B,A,A,A,A,B,B,B,B,B,B,B,B,A,B,B,B,B,A,B,B
90,B,B,A,B,B,B,B,B,B,B,B,B,A,B,B,B,B,A,A,B,B,B,B,B,B,A,B,A,B,B,B,A,B,B,B,B,B,B,B,A
91,A,B,B,B,A,B,B,B,A,B,B,A,B,B,B,B,B,A,B,B,B,B,B,B,B,B,B,A,B,B,B,B,A,B,B,B,B,B,A,B
92,B,B,B,B,B,B,A,B,B,B,B,A,A,B,A,B,B,B,B,B,B,B,A,B,B,B,B,B,B,A,B,B,B,B,A,A,B,B,B,B
93,A,B,B,B,B,B,B,B,B,B,B,B,B,B,B,B,B,B,B,A,B,A,B,A,A,B,A,B,A,B,B,B,A,B,B,B,B,B,B,B
94,B,B,B,B,A,B,B,A,B,A,B,A,B,A,B,B,B,B,A,B,B,B,B,B,B,B,B,B,B,B,B,B,B,A,A,B,B,B,B,B
95,B,B,B,B,B,B,B,A,B,B,B,B,B,B,B,B,A,B,A,B,B,B,B,B,B,B,B,B,B,B,A,B,A,A,B,A,B,B,A,B
96,A,B,B,A,B,B,B,A,B,B,A,B,B,B,B,B,B,B,B,A,B,B,B,B,B,A,B,B,B,B,B,B,B,B,A,B,B,B,A,B
97,B,B,B,B,B,B,B,B,B,B,B,A,B,A,B,B,B,A,B,B,A,B,B,A,A,B,B,B,B,B,A,B,B,B,A,B,B,B,B,B
98,B,B,A,B,A,B,B,B,B,B,B,B,B,B,B,A,B,B,A,B,A,B,B,A,B,B,B,B,B,B,B,B,B,A,B,A,B,B,B,B
99,B,A,B,B,B,B,A,A,B,B,B,B,B,B,B,B,B,A,B,B,B,B,B,B,A,B,B,B,B,B,B,A,B,B,B,B,A,B,B,A
100,B,A,B,B,A,B,B,B,B,B,B,B,B,A,B,B,B,B,A,B,B,A,B,B,B,B,B,B,B,B,A,A,B,B,B,A,B,B,B,B
101,B,A,A,B,B,B,B,A,B,A,B,B,A,B,B,B,B,B,B,B,B,B,B,B,B,B,B,B,B,A,B,B,B,B,B,A,B,B,B,A
102,B,B,B,B,B,B,B,B,B,B,A,B,B,B,A,B,B,A,A,A,A,B,B,B,B,B,B,B,B,B,B,A,B,B,B,B,B,B,A,B
103,B,B,B,B,A,B,B,B,B,B,B,B,B,A,B,B,A,B,B,B,B,B,B,B,B,A,B,B,A,B,B,B,B,B,A,B,B,A,A,B
104,B,A,B,B,B,A,B,B,B,B,A,B,B,B,A,A,B,B,A,B,B,B,B,B,B,B,B,B,B,B,B,B,B,B,A,B,B,B,A,B
105,B,A,A,B,B,B,B,B,A,B,B,B,B,A,B,B,B,A,B,B,B,A,B,B,B,B,B,B,B,B,B,B,B,B,B,A,B,B,A,B
106,B,B,B,B,B,B,B,B,B,A,B,B,B,B,B,B,B,A,B,A,A,B,A,A,B,B,B,B,A,B,B,A,B,B,B,B,B,B,B,B
107,A,B,A,B,B,B,B,B,A,B,B,B,B,B,B,B,A,A,B,B,B,A,A,B,B,B,B,B,B,B,B,B,B,B,B,B,A,B,B,B
108,B,A,B,B,B,B,B,A,B,B,B,B,B,B,A,B,A,B,A,B,B,B,B,B,B,B,B,A,B,B,B,A,B,B,B,B,B,B,A,B
109,B,B,B,B,B,B,B,B,B,B,B,A,B,B,B,B,A,B,B,B,B,A,A,A,A,A,B,B,B,B,B,B,B,B,A,B,B,B,B,B
110,B,B,B,B,B,A,A,A,B,A,B,B,B,B,B,B,B,B,B,B,A,B,A,B,B,B,B,B,B,B,B,B,B,A,B,B,B,B,B,A
111,B,B,A,B,B,B,B,B,B,B,B,B,B,B,B,A,B,B,B,B,B,A,B,B,B,A,A,A,B,B,B,B,B,B,B,B,A,B,B,A
112,A,B,B,B,B,B,B,A,B,B,B,B,B,A,A,B,B,B,B,A,B,B,B,B,B,B,B,B,B,B,A,B,B,B,B,B,B,A,A,B
113,B,A,B,B,B,A,B,B,B,B,B,B,A,B,B,B,B,B,B,B,B,A,B,A,B,B,B,B,B,B,B,B,B,B,B,B,A,A,A,B
114,A,B,B,B,B,A,B,B,B,B,B,B,B,B,A,A,B,B,B,B,B,B,A,B,B,B,B,B,B,B,B,B,A,A,B,B,A,B,B,B
115,B,A,B,B,B,B,B,B,B,B,B,B,B,B,B,B,B,A,B,B,B,B,B,A,B,A,B,A,B,B,A,B,B,B,B,A,B,A,B,B
116,B,B,B,B,B,B,A,B,B,B,A,B,B,B,A,A,B,B,B,A,A,B,B,B,B,B,B,B,B,B,B,A,B,B,B,B,B,B,B,A
117,B,B,A,B,B,B,B,A,B,B,B,B,B,B,B,B,A,B,A,B,A,B,B,B,B,A,B,B,B,A,B,B,B,A,B,B,B,B,B,B
118,B,A,B,B,B,B,B,B,B,B,B,B,B,A,B,A,B,B,B,B,A,B,B,B,B,A,B,B,A,B,B,A,B,B,B,B,B,B,A,B
119,B,B,B,B,B,B,A,B,B,B,B,B,B,B,B,B,B,B,B,B,B,B,B,B,A,B,B,A,A,A,B,B,B,B,B,B,A,A,A,B
120,B,B,A,A,B,B,B,A,B,A,B,A,B,B,B,B,B,B,B,B,B,A,B,B,B,B,B,B,A,B,B,B,B,B,B,B,B,A,B,B
121,B,B,B,B,B,B,B,B,A,B,A,B,B,B,A,B,B,A,B,B,B,B,B,B,A,B,B,A,B,B,A,A,B,B,B,B,B,B,B,B
122,B,B,B,B,B,B,A,B,B,B,B,A,A,B,B,B,B,B,B,B,B,B,A,B,B,B,A,B,B,A,B,B,B,B,B,A,B,B,B,A
123,A,B,B,B,B,B,B,B,B,A,B,B,B,B,A,B,B,B,B,B,B,B,B,A,B,B,B,B,B,B,B,B,A,A,B,B,A,A,B,B
124,A,B,B,B,A,A,B,B,B,B,B,B,B,A,A,B,B,B,B,A,B,B,B,B,B,B,B,B,B,B,B,B,A,B,B,B,A,B,B,B
125,B,A,B,B,B,B,B,B,B,B,B,B,B,B,B,B,A,B,B,B,B,B,A,A,B,A,B,B,A,B,A,B,B,B,B,B,A,B,B,B
126,B,B,B,B,B,B,B,B,B,B,B,A,A,A,B,A,A,B,B,B,B,B,B,B,B,B,B,B,B,B,B,B,B,B,A,B,A,A,B,B
127,A,B,B,B,B,A,B,B,B,B,B,A,B,B,A,B,B,B,B,B,B,B,B,B,B,B,B,B,A,B,B,A,B,A,A,B,B,B,B,B
128,A,B,B,B,B,A,B,B,B,B,B,B,B,B,B,A,B,B,B,B,B,B,B,B,A,B,A,A,B,A,B,B,A,B,B,B,B,B,B,B
129,B,A,B,A,B,B,B,B,A,A,B,B,B,B,B,B,B,B,A,A,B,B,B,A,B,B,B,B,B,B,B,B,B,B,B,B,A,B,B,B
130,B,B,B,A,B,A,B,A,B,B,B,A,A,B,A,B,B,B,B,B,B,B,B,B,B,B,B,A,B,B,B,B,A,B,B,B,B,B,B,B
131,B,B,A,A,B,B,B,B,B,B,B,A,B,B,B,B,A,B,A,B,A,B,B,B,B,B,B,B,B,B,B,B,B,B,B,B,A,B,B,A
132,B,B,A,B,B,B,B,A,A,B,B,A,B,A,B,B,B,B,B,B,B,B,B,B,A,B,B,B,B,A,B,B,B,B,B,B,B,A,B,B
133,B,B,B,B,B,B,A,B,B,A,A,B,B,B,B,B,B,B,B,B,B,A,B,B,B,B,B,B,B,B,B,B,B,A,B,B,A,B,A,A
134,B,B,B,A,B,B,B,B,A,B,B,B,A,B,B,B,B,B,B,A,B,A,B,B,B,B,B,B,B,B,B,B,B,B,A,B,B,B,A,A
135,B,B,B,B,B,B,B,A,A,B,B,B,B,B,A,B,A,B,A,B,B,B,B,B,B,B,A,B,B,B,B,B,A,B,B,B,B,B,A,B
136,B,B,A,B,B,B,A,B,A,B,B,B,B,B,B,B,B,B,B,B,B,B,B,B,B,A,B,A,A,B,B,A,B,B,B,B,A,B,B,B
137,B,B,B,A,B,A,B,B,B,B,A,B,B,A,B,B,B,A,B,B,B,B,B,B,B,B,B,B,B,A,B,B,B,B,A,B,B,A,B,B
138,B,B,B,B,A,B,B,B,A,B,B,A,B,B,B,B,B,B,B,A,A,B,B,B,B,B,B,B,B,B,A,B,B,B,B,B,A,A,B,B
139,B,B,B,B,A,A,B,B,B,A,B,B,B,B,B,B,B,B,B,B,A,B,B,B,A,A,A,B,B,B,B,A,B,B,B,B,B,B,B,B
140,B,B,B,B,B,B,B,A,B,B,A,B,B,B,B,A,B,A,B,B,B,B,B,B,B,B,B,B,B,B,B,A,B,B,A,B,B,A,B,A
141,B,B,A,B,B,B,A,B,B,B,B,B,A,B,A,A,B,B,B,B,B,B,B,B,B,B,B,B,B,A,B,B,B,A,B,B,B,A,B,B
142,B,A,A,A,B,B,B,B,B,B,B,A,A,B,B,A,B,A,B,B,B,B,B,B,A,B,B,B,B,B,B,B,B,B,B,B,B,B,B,B
143,B,A,B,B,B,B,B,B,A,B,B,B,B,B,B,B,B,B,A,B,B,A,A,B,B,B,A,B,A,B,B,B,B,B,B,B,B,B,A,B
144,B,A,B,B,B,B,A,B,A,A,B,B,B,B,B,B,B,B,B,B,B,B,B,A,B,B,B,B,A,B,B,B,B,B,A,B,B,B,B,A
145,B,B,A,B,B,A,B,A,A,B,B,A,B,A,B,B,B,B,B,B,B,B,B,B,B,B,B,B,B,B,A,B,B,B,A,B,B,B,B,B
146,B,B,B,A,A,B,B,B,A,B,B,B,B,B,B,A,B,B,A,A,B,B,B,A,B,B,B,B,B,B,B,B,B,B,B,B,B,B,A,B
147,B,A,A,B,A,B,A,B,B,B,B,B,B,B,B,A,B,B,B,B,A,B,B,B,B,B,B,B,A,B,B,B,B,B,A,B,B,B,B,B
148,A,A,B,B,B,B,A,B,B,B,B,B,B,B,B,A,B,B,B,B,B,B,B,B,B,B,B,B,B,A,A,B,B,B,B,B,B,A,A,B
149,B,A,B,B,B,B,B,B,B,B,A,B,B,A,A,B,B,B,B,B,A,B,B,B,A,B,B,B,B,B,B,B,A,B,B,B,A,B,B,B
150,B,A,B,B,B,A,B,B,B,A,B,B,A,B,B,A,B,B,B,B,A,B,B,B,B,B,A,B,B,B,B,B,B,B,B,B,B,B,A,B
151,B,B,B,B,A,B,B,B,B,B,B,A,B,A,B,A,B,B,A,B,B,B,A,B,B,B,B,B,B,B,A,B,B,B,B,B,A,B,B,B
152,A,B,B,B,B,A,B,A,B,A,B,B,B,B,B,B,B,B,B,B,B,B,B,A,B,B,B,B,B,A,A,B,B,A,B,B,B,B,B,B
153,B,B,B,A,B,B,B,A,B,B,A,A,B,B,B,B,A,B,B,B,A,B,B,B,B,B,B,B,B,B,A,B,B,B,B,A,B,B,B,B
154,B,B,B,B,B,A,B,B,A,B,B,B,B,B,B,A,B,B,B,B,A,B,B,B,B,B,B,B,B,B,B,B,A,B,A,B,B,A,A,B
155,B,B,B,B,A,B,B,A,B,A,B,A,B,B,B,B,B,A,B,B,A,B,B,B,B,B,B,B,B,A,B,B,B,B,B,B,A,B,B,B
156,B,B,B,B,B,B,A,B,B,B,B,B,B,B,B,B,B,A,B,B,B,B,B,A,B,B,B,B,B,A,B,B,A,A,B,B,A,B,B,A
157,A,A,B,B,B,B,B,B,B,B,A,B,B,B,A,B,B,B,B,B,B,A,A,B,B,B,B,B,A,B,A,B,B,B,B,B,B,B,B,B
158,B,B,B,B,A,B,B,B,B,A,B,B,B,B,B,B,A,B,B,A,A,B,B,B,A,B,B,B,B,A,B,B,B,B,B,B,B,A,B,B
159,B,B,B,A,B,B,B,B,B,B,B,B,A,B,B,B,B,B,A,B,B,B,A,B,B,B,B,A,B,A,B,B,A,B,B,A,B,B,B,B
160,B,B,B,B,B,B,B,B,B,B,B,B,B,B,B,A,B,B,B,A,B,B,B,B,A,B,A,B,A,B,B,B,A,B,A,B,B,B,A,B
161,B,A,A,B,B,B,B,B,B,B,A,B,B,B,B,B,B,B,B,B,B,B,B,B,B,B,A,B,A,B,B,B,B,B,B,A,B,B,A,A
162,A,B,A,B,B,B,B,B,B,B,B,B,B,B,B,B,B,B,B,A,A,B,B,A,B,B,B,B,B,B,B,B,B,A,B,A,B,B,B,A
163,B,A,A,B,B,B,A,A,B,B,B,B,B,B,A,B,B,A,B,B,B,A,B,B,B,B,B,B,B,B,B,B,A,B,B,B,B,B,B,B
164,B,B,B,B,A,B,B,B,B,B,A,B,B,B,B,B,B,A,B,B,B,B,B,B,A,B,A,B,A,B,B,B,B,B,A,B,B,B,B,A
165,B,A,B,B,B,B,B,B,A,B,B,B,B,B,B,B,B,A,B,B,B,B,B,B,B,A,A,B,B,B,B,A,A,B,B,A,B,B,B,B
166,B,A,B,B,B,B,A,B,A,B,A,B,B,B,B,B,B,B,A,B,B,B,B,A,B,B,B,B,B,B,A,B,B,A,B,B,B,B,B,B
167,A,A,B,B,B,B,B,B,B,B,A,A,B,B,B,B,B,B,B,B,B,B,B,A,B,B,B,B,B,A,B,B,B,A,B,B,B,B,A,B
168,B,B,B,B,B,B,B,B,B,B,B,B,A,B,A,B,B,A,B,A,B,B,A,B,B,B,A,B,A,B,B,B,B,B,B,B,B,B,B,A
169,B,B,B,B,A,B,B,B,B,B,B,A,A,B,A,A,A,B,B,B,B,B,B,B,B,B,B,B,B,B,B,B,B,B,B,B,B,A,B,A
170,A,B,B,B,B,B,B,B,B,B,B,A,B,B,B,B,B,A,B,A,B,B,B,B,A,B,B,B,A,B,B,B,B,A,B,B,A,B,B,B
171,B,B,B,B,B,B,B,A,A,B,B,A,B,A,B,B,A,B,B,B,B,B,B,B,B,B,B,B,B,B,B,B,B,B,B,A,B,A,B,A
172,B,A,B,B,A,A,B,B,B,B,B,B,B,B,B,B,B,B,B,A,B,B,B,B,A,B,B,B,B,B,B,B,B,B,A,B,A,A,B,B
173,B,B,B,A,B,A,B,A,B,B,B,B,B,A,A,B,B,B,B,B,B,B,B,B,B,B,A,B,A,B,B,B,A,B,B,B,B,B,B,B
174,A,B,B,B,B,B,B,B,A,B,B,B,A,A,B,B,B,B,B,B,B,A,B,B,A,A,B,B,B,B,B,B,B,B,A,B,B,B,B,B
175,B,A,B,B,B,B,B,A,B,B,A,B,B,B,B,B,B,B,A,B,B,A,A,B,B,B,B,A,B,B,B,B,B,B,A,B,B,B,B,B
176,B,B,B,A,B,B,B,B,B,A,A,B,B,A,B,B,B,B,B,B,B,B,B,B,B,A,B,A,B,B,B,A,B,B,B,B,B,B,B,A
177,B,B,A,A,A,B,B,B,B,B,B,B,B,B,B,B,B,B,A,B,B,B,B,A,B,B,B,B,B,B,B,A,B,A,B,A,B,B,B,B
178,A,B,B,B,A,B,A,B,B,B,B,B,B,B,A,B,B,B,B,B,B,A,B,A,B,B,B,B,B,B,B,B,B,A,B,B,B,B,A,B
179,B,B,B,B,B,B,B,B,A,A,B,B,B,B,B,B,B,B,B,B,A,B,B,A,B,A,B,B,A,B,B,B,A,B,B,A,B,B,B,B
180,B,B,B,B,B,A,B,B,B,B,B,B,B,B,A,B,B,A,B,B,B,B,B,B,A,A,B,A,B,B,A,B,B,B,B,B,B,B,B,A
181,B,B,B,B,B,A,B,B,B,B,B,A,B,B,B,B,B,B,A,B,A,B,B,B,A,B,B,B,A,A,B,B,B,B,B,B,B,A,B,B
182,B,B,B,B,B,B,B,B,A,B,A,B,B,B,A,B,B,B,B,B,B,B,A,B,B,B,B,B,B,A,B,B,B,B,B,A,A,A,B,B
183,A,B,B,B,B,B,B,B,B,B,B,B,B,B,B,A,B,B,B,A,B,B,B,A,B,B,B,A,A,A,B,B,A,B,B,B,B,B,B,B
184,A,B,A,B,B,B,B,B,B,B,B,B,B,B,B,B,B,B,B,B,A,A,B,A,B,B,B,B,B,A,B,B,A,B,B,B,A,B,B,B
185,B,B,A,B,B,B,A,B,B,B,B,A,B,B,B,B,B,B,B,A,A,B,A,A,B,A,B,B,B,B,B,B,B,B,B,B,B,B,B,B
186,B,B,A,B,B,B,B,A,B,B,B,B,B,B,A,B,B,B,B,B,B,B,B,B,B,A,A,B,A,B,B,B,B,B,B,A,A,B,B,B
187,B,B,A,B,B,B,B,A,B,B,B,B,B,B,B,A,B,B,B,B,A,A,B,A,B,B,B,B,B,B,B,B,A,B,B,B,B,A,B,B
188,B,B,B,B,B,B,B,B,B,B,B,A,B,B,A,B,B,B,B,A,B,B,B,B,B,B,B,B,B,B,A,A,B,B,B,A,B,A,A,B
189,B,B,B,B,B,B,B,A,B,B,B,B,B,B,B,B,B,B,B,B,B,B,B,B,B,B,B,A,B,A,B,A,A,B,B,B,A,B,A,A
190,A,B,B,B,A,B,B,B,B,B,A,A,B,B,B,A,A,B,B,B,B,B,B,B,A,B,B,B,B,B,A,B,B,B,B,B,B,B,B,B
191,B,B,B,B,B,B,B,B,B,B,A,A,B,A,B,B,B,A,B,B,B,A,B,B,A,B,B,B,B,B,A,B,B,B,B,B,B,A,B,B
192,A,B,A,B,B,B,B,B,B,B,B,B,B,B,B,B,B,B,B,B,B,B,B,A,A,A,A,B,A,A,B,B,B,B,B,B,B,B,B,B
193,B,A,B,B,A,B,B,B,B,B,B,B,B,A,B,B,B,A,A,B,B,B,B,B,B,B,B,B,B,B,B,B,B,A,A,A,B,B,B,B
194,A,B,A,B,B,B,B,B,B,B,B,B,B,A,B,B,B,B,B,B,B,A,B,B,B,A,A,B,B,A,B,B,A,B,B,B,B,B,B,B
195,A,A,B,B,A,B,B,B,A,B,B,A,B,B,B,B,B,B,A,B,B,A,B,B,B,B,B,B,B,B,A,B,B,B,B,B,B,B,B,B
196,B,B,A,B,B,B,B,B,A,B,B,B,B,B,B,A,B,B,B,B,B,B,B,B,B,B,B,B,B,B,A,A,B,B,B,B,A,B,A,A
197,B,B,B,B,B,A,B,A,B,B,A,B,B,A,B,B,B,B,B,B,B,A,B,B,B,B,B,A,B,B,B,B,B,A,A,B,B,B,B,B
198,B,B,B,B,B,B,A,B,B,B,B,B,B,B,B,B,B,B,B,B,A,A,B,A,B,B,B,B,A,B,B,A,B,B,A,B,B,B,A,B
199,B,A,B,A,B,B,B,B,A,B,B,B,B,B,B,A,B,B,A,B,A,A,B,B,B,B,B,B,B,B,B,B,B,B,A,B,B,B,B,B
200,B,B,B,B,A,B,B,B,B,A,B,B,B,B,B,B,B,B,B,B,B,A,B,B,B,A,B,B,B,B,B,B,B,B,A,A,A,B,B,A
201,B,B,B,B,B,B,B,B,A,B,B,B,B,B,B,B,B,B,B,B,B,B,B,B,B,B,A,A,B,A,B,A,A,B,B,A,B,A,B,B
202,B,A,B,B,B,B,A,B,A,B,B,A,B,B,B,B,B,A,A,B,B,B,B,B,B,B,B,B,B,B,B,B,B,B,B,A,B,B,A,B
203,B,A,A,B,B,B,B,B,B,B,B,B,A,B,B,B,B,A,B,B,B,B,B,B,B,A,B,B,B,B,A,A,B,B,B,A,B,B,B,B
204,A,B,B,B,B,B,A,B,B,B,B,A,B,B,B,B,B,B,B,B,A,A,B,B,B,A,B,B,B,B,B,B,B,B,B,B,B,A,B,A
205,B,B,B,B,B,A,B,B,B,B,B,B,B,B,B,B,A,A,B,B,B,A,B,B,B,B,A,B,A,B,A,B,B,B,A,B,B,B,B,B
206,B,B,B,A,B,B,A,B,B,B,B,B,B,B,B,A,B,B,B,A,B,A,B,B,B,B,A,A,A,B,B,B,B,B,B,B,B,B,B,B
207,B,B,B,B,B,A,B,B,A,B,A,A,B,B,B,B,B,A,B,A,B,B,B,B,B,B,B,B,B,B,B,B,A,A,B,B,B,B,B,B
208,B,B,A,A,B,B,B,A,B,B,B,B,B,B,B,B,B,B,B,B,B,B,B,B,B,A,A,B,B,A,B,B,A,A,B,B,B,B,B,B
209,B,B,B,A,B,B,B,B,A,B,B,B,B,B,B,A,B,B,B,B,B,B,B,A,B,B,B,B,B,B,A,B,B,B,A,B,B,B,A,A
210,B,B,A,A,B,A,A,B,A,B,B,B,B,B,B,B,A,B,A,B,B,B,B,B,B,B,B,B,B,B,B,A,B,B,B,B,B,B,B,B
211,B,B,B,B,B,B,B,B,A,B,B,B,A,B,B,A,B,B,B,A,B,A,B,B,B,B,B,B,B,B,B,A,B,B,A,B,B,B,B,A
212,B,B,B,A,B,B,A,B,B,B,B,B,B,A,B,B,B,B,B,B,B,B,B,B,A,B,B,B,B,A,B,B,A,B,B,A,B,B,B,A
213,B,A,B,B,B,B,B,B,A,B,B,B,A,B,B,B,B,A,B,B,B,A,B,B,B,A,B,B,B,B,B,B,B,B,B,A,B,B,A,B
214,B,B,B,B,B,B,B,B,B,B,A,B,B,A,B,B,A,A,B,B,B,A,B,A,B,A,B,B,B,B,B,A,B,B,B,B,B,B,B,B
215,A,A,B,B,A,B,A,A,B,B,B,B,B,B,B,B,B,B,B,B,A,B,B,B,B,B,B,B,B,B,B,B,B,B,B,B,A,B,A,B
216,B,B,B,A,B,A,A,B,B,B,B,B,B,B,B,B,B,B,B,A,B,B,B,A,A,B,A,B,B,B,B,B,B,B,B,B,A,B,B,B
217,B,B,B,A,B,B,B,B,B,B,B,B,A,B,A,B,B,A,B,B,B,B,B,B,B,B,B,A,B,B,B,B,A,B,B,B,A,B,A,B
218,B,B,B,B,B,B,B,B,B,A,A,A,B,B,B,B,B,B,B,B,B,B,B,A,B,B,B,B,A,B,B,B,B,A,B,A,A,B,B,B
219,B,B,B,B,B,B,B,A,A,B,A,A,A,B,B,B,B,B,B,B,B,B,B,B,B,B,B,B,B,A,A,B,B,B,B,B,A,B,B,B
220,B,B,B,B,A,B,B,B,B,B,B,B,B,B,B,B,B,B,B,A,B,B,B,B,B,A,B,A,B,B,A,B,B,A,B,A,B,B,B,A
221,B,A,B,B,B,B,B,B,B,B,B,B,B,B,B,A,A,B,A,B,B,B,B,B,A,B,B,B,A,B,B,B,B,A,B,B,B,B,A,B
222,B,B,B,A,B,B,B,B,B,B,B,B,B,B,B,B,B,A,B,A,A,B,A,A,A,A,B,B,B,B,B,B,B,B,B,B,B,B,B,B
223,B,B,B,B,A,B,A,B,B,A,B,B,A,B,A,B,B,B,B,B,B,B,A,B,A,B,B,B,B,B,B,B,B,B,B,A,B,B,B,B
224,B,A,B,B,B,B,A,B,A,B,B,B,B,B,B,B,A,B,B,B,A,A,B,B,B,B,B,B,A,B,B,B,B,A,B,B,B,B,B,B
225,B,B,A,B,B,B,A,B,B,B,B,A,A,B,A,B,B,B,B,B,B,B,B,A,B,A,B,B,B,B,B,B,B,B,B,B,B,B,B,A
226,A,B,B,B,B,B,B,A,B,B,B,B,A,B,B,B,B,B,B,B,B,A,B,B,B,B,B,B,B,A,B,B,B,B,B,A,B,A,B,A
227,B,B,B,B,B,B,B,B,B,B,B,B,B,B,B,B,B,A,B,A,B,A,A,A,B,B,A,A,B,B,B,B,B,B,A,B,B,B,B,B
228,A,B,B,A,B,B,B,B,B,B,A,A,B,B,A,B,B,B,B,A,B,A,B,B,B,B,B,B,B,A,B,B,B,B,B,B,B,B,B,B
229,B,B,A,B,B,B,B,A,B,A,B,B,B,A,B,B,B,B,B,B,B,B,B,A,B,A,B,B,B,B,B,B,B,B,B,A,A,B,B,B
230,B,B,A,B,A,A,B,B,B,B,B,B,B,B,B,B,B,B,B,B,A,A,A,B,A,B,B,B,B,B,B,B,B,B,B,B,A,B,B,B
231,B,B,B,B,B,B,A,B,A,B,A,B,A,B,B,B,B,B,B,B,B,A,B,B,A,B,B,B,B,B,B,B,B,A,B,B,B,B,A,B
232,B,B,A,B,B,B,A,B,B,A,B,B,B,B,B,B,B,A,B,B,B,B,B,B,B,B,B,A,B,B,A,B,B,B,B,A,B,B,A,B
233,A,B,B,B,B,B,B,B,B,A,B,B,A,B,B,B,A,A,B,B,B,B,B,B,B,B,B,B,B,B,A,B,B,A,B,B,A,B,B,B
234,B,B,B,B,A,B,B,B,B,B,B,A,A,B,B,B,B,B,A,B,A,A,B,B,A,B,B,A,B,B,B,B,B,B,B,B,B,B,B,B
235,B,B,B,A,B,A,B,B,A,B,B,B,B,A,B,A,B,B,B,B,B,B,A,B,B,B,B,A,B,B,A,B,B,B,B,B,B,B,B,B
236,B,B,B,B,B,B,A,B,B,A,B,B,A,B,A,B,B,B,A,A,B,B,B,B,B,B,A,B,B,B,B,B,B,B,B,B,B,B,A,B
237,B,A,A,B,A,B,B,A,B,B,B,B,B,B,B,B,B,A,B,B,B,B,B,B,B,B,B,B,B,A,B,B,A,B,B,B,A,B,B,B
238,B,A,B,B,B,B,B,B,B,B,B,B,B,B,B,B,B,B,A,A,A,A,B,A,B,B,B,B,B,B,B,A,B,A,B,B,B,B,B,B
239,B,B,B,B,A,B,A,B,A,B,A,B,B,B,B,B,A,B,B,A,B,B,B,B,B,A,B,B,B,B,B,B,B,B,B,A,B,B,B,B
240,B,B,B,B,B,A,B,B,A,B,B,B,B,B,B,A,B,B,B,B,B,B,A,B,B,B,B,B,B,B,B,B,A,B,B,A,B,A,A,B
241,B,A,B,B,B,A,B,B,B,B,A,B,B,B,B,B,B,B,B,B,B,B,A,A,B,B,B,B,A,B,A,B,B,A,B,B,B,B,B,B
242,B,B,B,B,B,B,B,B,B,A,B,B,B,B,A,B,A,B,B,B,B,B,A,B,A,B,A,B,A,B,B,B,B,B,A,B,B,B,B,B
243,B,B,A,B,B,B,A,B,A,B,B,B,B,B,B,A,B,A,B,B,B,B,A,B,A,A,B,B,B,B,B,B,B,B,B,B,B,B,B,B
244,B,B,B,B,B,A,B,B,B,A,B,B,B,A,A,B,A,B,A,B,B,B,B,B,B,B,B,B,B,B,B,A,B,B,B,B,B,A,B,B
245,B,B,B,B,B,B,B,B,B,B,B,B,A,B,B,A,B,B,B,A,B,A,A,B,B,B,B,B,B,A,B,B,B,A,B,B,A,B,B,B
246,B,B,B,B,B,A,B,A,B,B,B,A,B,A,B,B,B,B,B,B,B,B,B,B,B,B,B,B,B,B,A,B,A,A,A,B,B,B,B,B
247,B,B,A,B,B,B,B,B,A,B,B,B,A,B,B,B,B,B,A,B,B,B,B,B,B,A,B,B,B,B,B,B,B,A,B,B,B,A,B,A
248,B,A,B,A,B,A,A,B,B,B,B,B,B,B,B,B,A,B,B,B,A,B,B,B,B,B,B,B,B,B,A,B,B,B,B,B,B,A,B,B
249,A,B,A,B,A,A,B,B,B,B,B,B,B,B,B,B,B,B,B,B,A,B,B,B,B,B,B,B,B,A,A,B,B,B,B,B,B,A,B,B
250,B,B,B,B,A,B,B,B,B,A,B,B,B,A,B,B,B,A,B,B,B,B,B,B,B,A,B,B,B,A,B,B,A,B,B,B,B,B,A,B
251,B,B,B,B,B,B,B,B,B,B,B,A,B,B,B,B,B,B,B,B,A,B,B,B,A,B,B,A,A,B,B,B,A,A,B,B,B,B,B,A
252,A,B,B,A,B,B,A,B,B,B,A,B,B,B,B,A,B,B,B,B,B,B,B,B,B,B,B,B,B,B,B,B,A,A,B,B,B,B,A,B
253,B,B,B,A,B,B,A,B,B,B,B,A,B,B,B,B,B,B,B,B,B,A,B,B,B,B,B,B,A,B,B,B,B,B,B,A,B,A,B,A
254,B,B,B,B,B,B,B,B,A,B,A,B,B,B,A,B,A,B,B,A,B,B,B,B,B,B,B,A,B,B,B,B,B,B,A,B,B,B,A,B
255,A,A,B,B,A,B,B,A,B,B,B,B,B,B,B,B,B,B,B,B,B,B,B,B,B,B,B,A,B,B,B,A,B,B,B,A,B,A,B,B
256,B,B,B,B,B,A,B,B,B,B,B,B,A,B,A,A,B,A,B,A,B,B,B,B,B,B,B,B,A,B,B,B,B,B,B,B,B,B,B,A
257,B,A,B,A,B,B,B,B,B,B,B,B,B,B,B,B,B,B,A,B,B,B,B,B,B,B,B,A,B,A,B,B,B,B,B,A,B,B,A,A
258,A,A,B,B,B,B,B,A,B,B,B,B,B,B,B,B,B,A,B,B,B,B,B,B,A,B,B,A,A,B,B,A,B,B,B,B,B,B,B,B
259,B,B,B,B,A,B,B,B,A,B,B,A,B,B,B,B,B,A,B,B,B,B,B,B,B,B,B,B,B,A,B,B,A,A,B,B,B,A,B,B
260,B,B,B,B,B,B,B,B,B,B,B,B,A,A,B,B,B,B,B,B,A,B,B,A,B,B,B,B,B,B,B,B,A,B,A,B,A,A,B,B
261,B,A,A,B,B,B,B,B,B,B,B,B,A,A,B,B,B,A,B,B,B,B,A,B,B,A,B,B,B,B,B,B,B,A,B,B,B,B,B,B
262,B,B,B,B,B,B,B,A,A,B,B,B,B,B,A,B,B,B,B,B,B,B,B,A,B,B,B,A,B,B,B,A,B,B,B,B,A,B,A,B
263,B,B,B,B,B,B,B,B,A,B,B,A,B,B,A,A,B,B,B,B,B,B,B,B,B,A,B,B,B,B,B,B,B,B,B,A,B,B,A,A
264,B,B,B,B,B,B,B,A,A,A,B,B,B,B,B,B,A,A,B,B,B,B,B,B,A,B,B,B,B,B,B,B,A,B,B,B,B,B,B,A
265,B,B,B,B,B,B,B,B,B,A,B,B,B,A,A,B,B,B,B,B,A,B,B,B,A,B,A,B,B,A,B,B,B,B,B,B,B,B,B,A
266,B,B,B,A,A,B,B,B,B,B,B,B,B,A,B,B,A,B,B,B,A,B,B,A,B,B,B,B,B,B,B,B,B,A,B,B,B,B,B,A
267,B,A,B,A,B,B,B,B,A,B,B,B,B,B,B,B,B,B,B,B,B,B,B,B,B,A,A,B,B,B,B,B,B,A,B,A,B,B,A,B
268,B,B,A,A,B,B,A,B,B,B,B,B,A,A,B,A,B,B,B,B,B,B,B,B,A,B,B,B,B,B,B,B,B,A,B,B,B,B,B,B
269,B,B,B,B,A,B,B,A,A,B,B,B,B,B,A,B,A,B,B,B,B,B,A,B,A,B,B,B,A,B,B,B,B,B,B,B,B,B,B,B
270,A,B,B,B,B,B,B,A,B,B,B,B,B,B,A,B,B,B,B,B,A,B,B,B,B,B,B,B,B,B,A,B,A,B,B,B,B,B,A,A
271,B,A,B,A,B,B,B,A,A,B,A,B,B,B,B,B,B,B,B,B,B,B,B,B,B,B,B,B,B,B,B,B,B,B,A,B,A,B,A,B
272,B,B,A,B,B,B,B,B,B,A,B,B,B,B,B,B,A,B,A,B,A,B,B,B,B,B,B,B,B,B,B,B,B,B,A,A,B,B,A,B
273,B,A,B,A,B,B,B,B,B,A,B,B,B,B,B,B,B,B,A,B,A,B,B,B,B,B,B,A,B,A,B,B,B,B,B,B,B,B,A,B
274,B,B,B,A,B,A,B,B,B,A,B,B,B,B,A,B,B,A,B,B,B,B,A,B,B,B,B,B,B,B,B,B,B,B,B,B,B,A,B,A
275,B,B,B,B,A,A,B,B,B,B,B,A,B,B,B,B,B,B,B,B,B,B,B,B,A,A,B,B,B,A,B,B,B,A,B,A,B,B,B,B
276,B,B,B,B,B,A,B,B,B,B,B,B,B,B,B,B,B,B,B,B,A,A,B,A,B,B,B,B,B,B,B,A,B,A,B,A,B,B,B,A
277,B,B,B,B,B,B,B,B,B,B,B,B,A,B,B,B,B,B,A,A,B,A,B,B,B,B,A,B,B,B,A,B,A,B,B,B,A,B,B,B
278,B,B,B,B,A,B,B,B,B,B,A,B,B,A,B,B,B,B,B,A,B,B,B,B,B,B,A,B,B,A,B,B,A,B,B,A,B,B,B,B
279,B,B,B,B,A,A,B,B,B,B,B,B,B,A,A,B,B,B,B,B,A,B,B,B,B,B,B,A,B,A,B,A,B,B,B,B,B,B,B,B
280,B,B,B,B,B,B,B,A,B,B,B,B,B,B,B,B,B,B,B,A,B,B,B,A,A,A,B,B,B,B,B,B,B,A,B,B,A,B,A,B
281,B,B,B,B,A,A,B,B,A,A,B,B,B,B,B,B,B,B,B,B,B,B,B,B,B,A,B,B,A,B,B,B,B,B,B,B,A,A,B,B
282,A,B,B,B,B,B,B,A,A,B,B,B,B,B,A,B,B,A,B,B,A,B,A,B,B,B,B,B,B,B,B,B,B,B,B,B,A,B,B,B
283,B,B,B,B,B,B,A,B,B,B,A,B,B,B,B,A,B,B,B,B,B,B,B,B,B,A,B,B,A,B,B,B,A,B,A,B,B,B,B,A
284,B,B,B,B,B,B,B,B,A,B,B,B,B,A,B,B,A,B,B,B,A,B,A,B,B,B,A,B,A,B,B,B,B,B,B,B,B,B,B,A
285,B,A,B,B,B,A,B,B,B,B,B,B,B,B,B,B,A,B,B,A,B,B,A,B,B,B,B,A,B,B,B,B,B,B,A,B,A,B,B,B
286,B,A,B,B,B,B,A,B,B,B,B,B,B,B,B,A,A,B,B,B,B,A,B,B,A,B,B,B,B,B,A,B,B,B,B,B,A,B,B,B
287,B,A,A,B,A,B,B,B,B,B,B,B,B,B,A,B,A,B,B,A,B,B,B,B,B,B,A,B,B,B,B,B,B,B,B,B,A,B,B,B
288,A,B,B,B,B,B,A,A,B,B,B,B,B,B,A,A,B,B,B,B,B,B,B,B,B,B,A,A,B,B,B,B,B,B,B,B,A,B,B,B
289,B,B,B,B,B,B,A,B,A,B,B,B,B,B,A,B,B,B,B,A,B,A,B,B,B,B,B,B,B,B,A,B,B,B,A,A,B,B,B,B
290,A,B,A,B,B,B,A,B,B,B,B,B,B,A,B,B,B,B,B,B,A,A,B,B,B,B,B,B,B,A,B,B,B,B,B,B,B,B,A,B
291,B,B,B,B,A,B,B,A,A,A,B,B,B,B,B,B,A,B,B,B,B,B,B,B,B,B,A,B,B,A,B,B,B,B,B,B,B,B,A,B
292,B,B,A,A,B,A,B,B,B,B,A,B,B,A,B,B,A,B,B,B,A,A,B,B,B,B,B,B,B,B,B,B,B,B,B,B,B,B,B,B
293,B,A,A,B,B,A,A,B,B,B,B,B,B,B,B,B,B,B,B,B,B,A,B,B,B,B,B,A,A,B,B,B,A,B,B,B,B,B,B,B
294,B,B,B,B,B,B,B,B,B,B,B,B,B,A,B,B,B,A,B,A,B,B,A,B,B,B,B,A,B,A,A,B,B,B,B,B,B,A,B,B
295,A,B,B,B,A,B,B,B,B,B,B,B,B,B,B,B,B,B,B,B,B,B,A,B,B,B,A,B,A,B,A,B,B,B,B,A,A,B,B,B
296,B,A,A,B,B,A,B,B,A,B,B,B,B,B,A,B,B,B,B,B,B,B,B,B,A,B,A,A,B,B,B,B,B,B,B,B,B,B,B,B
297,A,B,A,A,B,A,B,B,B,B,B,B,B,B,B,B,A,B,B,B,B,B,B,B,B,A,B,B,B,B,B,A,B,B,A,B,B,B,B,B
298,A,B,B,B,B,B,A,B,A,B,B,B,B,B,A,B,B,B,B,A,B,B,B,B,B,B,B,A,A,B,B,B,B,B,B,B,B,B,A,B
299,A,B,A,A,A,B,B,B,B,B,B,B,B,B,A,B,B,B,B,B,B,B,B,B,B,B,B,A,B,B,B,B,B,A,B,A,B,B,B,B
300,A,A,B,B,A,B,A,B,B,A,B,B,B,B,B,B,B,B,A,B,B,A,B,B,B,B,B,A,B,B,B,B,B,B,B,B,B,B,B,B
301,A,B,B,B,B,B,B,A,B,B,B,B,B,A,A,B,B,B,B,B,B,B,B,B,A,B,B,B,B,A,B,B,B,B,B,B,B,A,A,B
302,B,B,B,B,B,A,B,B,B,B,B,B,B,B,A,B,B,B,B,B,B,B,B,B,A,A,B,A,A,A,B,B,B,B,B,B,B,B,B,A
303,B,B,B,B,A,B,B,B,B,B,A,B,B,B,B,B,B,A,B,A,B,B,B,B,A,B,B,B,B,B,B,B,A,B,A,B,A,B,B,B
304,B,A,B,A,B,B,A,B,B,B,B,B,B,B,B,B,A,A,B,B,B,B,B,B,B,B,A,B,B,B,B,B,B,B,B,B,B,A,A,B
305,B,B,A,B,B,B,B,B,B,B,B,B,B,B,B,B,B,A,A,B,B,A,B,B,B,B,B,A,B,A,B,A,B,B,B,B,B,B,B,A
306,B,B,B,B,B,B,B,B,A,B,B,B,B,A,B,B,B,B,B,B,B,A,B,B,B,B,B,B,A,A,B,B,B,B,A,B,A,B,A,B
307,B,B,A,B,B,B,B,B,B,A,A,B,B,B,B,B,B,B,B,B,A,A,B,B,B,A,B,B,B,B,B,B,B,B,A,A,B,B,B,B
308,B,B,B,B,B,B,A,B,B,B,B,B,B,B,B,A,A,B,B,B,B,B,B,A,B,B,B,A,B,B,A,A,A,B,B,B,B,B,B,B
309,B,B,B,A,B,B,A,B,B,B,B,B,A,B,A,B,B,B,B,B,A,B,B,B,B,B,B,A,B,B,A,B,B,B,B,B,B,B,B,A
310,A,B,B,A,B,B,A,B,B,B,A,B,B,B,B,B,B,B,B,B,B,A,B,B,A,B,B,A,B,B,B,B,B,B,B,A,B,B,B,B
311,B,B,B,B,B,A,B,A,B,A,A,B,B,B,B,B,B,B,B,B,B,B,B,B,B,B,B,A,B,B,B,A,B,B,B,B,B,A,A,B
312,B,B,B,B,B,A,A,B,B,B,B,B,B,A,B,A,A,B,B,A,B,B,B,B,B,B,B,B,A,B,B,A,B,B,B,B,B,B,B,B
313,B,B,B,A,B,B,B,B,B,B,B,B,B,B,A,B,B,B,A,B,B,B,B,A,B,B,A,A,B,B,B,B,A,B,B,A,B,B,B,B
314,B,A,A,B,B,B,B,B,B,B,B,B,B,B,B,B,B,B,B,A,B,B,B,B,B,B,B,B,B,B,B,B,B,A,A,A,A,B,A,B
315,B,B,B,B,B,B,A,A,A,B,B,B,B,B,B,B,B,B,A,B,B,B,B,B,B,B,B,B,B,B,B,B,B,A,B,A,A,A,B,B
316,B,B,B,B,B,B,B,B,B,B,B,B,A,B,B,B,B,A,A,A,B,B,B,A,B,B,B,B,B,B,B,A,B,B,A,B,B,A,B,B
317,B,B,A,B,A,A,A,B,B,B,B,B,B,B,B,B,B,B,A,A,B,B,A,B,B,B,B,B,B,B,B,B,B,A,B,B,B,B,B,B
318,B,B,B,B,B,B,B,A,B,A,B,B,B,B,B,B,B,A,B,B,B,A,B,B,B,B,A,B,A,A,B,A,B,B,B,B,B,B,B,B
319,B,A,B,B,B,B,B,B,B,B,B,A,B,B,A,B,B,B,B,B,B,B,B,B,B,A,A,B,B,B,B,B,B,B,A,B,B,B,A,A
320,B,B,B,A,B,B,B,B,B,B,B,B,B,B,B,B,B,B,B,A,B,B,A,B,A,A,B,B,B,A,B,B,B,B,A,B,A,B,B,B
321,B,B,B,B,B,A,B,B,B,B,B,A,B,B,A,B,B,B,B,B,B,B,B,A,B,A,B,A,B,B,A,A,B,B,B,B,B,B,B,B
322,A,B,B,B,B,B,B,B,A,B,B,B,B,B,A,B,B,B,B,A,B,B,B,B,A,B,B,B,B,B,B,A,B,B,A,B,A,B,B,B
323,A,B,B,B,B,B,B,B,A,A,B,B,B,A,B,B,A,B,B,B,B,B,A,B,B,B,B,B,B,B,B,B,B,A,B,A,B,B,B,B
324,B,B,B,B,B,B,B,B,B,B,A,B,B,B,B,B,B,A,A,B,B,B,A,B,B,B,A,A,B,B,B,B,B,A,B,B,B,B,B,A
325,B,B,B,A,A,B,B,B,B,B,A,B,A,B,B,B,B,B,B,B,A,B,B,B,B,B,A,B,B,B,B,B,B,B,B,B,A,A,B,B
326,B,A,B,A,A,B,B,B,B,B,B,B,A,A,B,B,B,B,B,B,B,A,B,B,B,B,A,A,B,B,B,B,B,B,B,B,B,B,B,B
327,A,B,B,B,B,B,A,B,B,B,A,B,A,B,A,B,B,B,A,B,B,A,B,A,B,B,B,B,B,B,B,B,B,B,B,B,B,B,B,B
328,B,B,A,B,B,B,B,B,B,B,B,A,B,A,A,B,A,B,B,B,A,B,B,B,B,B,B,B,B,A,A,B,B,B,B,B,B,B,B,B
329,B,B,B,B,B,B,A,B,B,A,B,B,B,B,B,B,B,A,A,B,B,B,A,B,B,B,B,B,A,B,B,B,B,B,B,B,B,A,B,A
330,B,A,A,B,B,A,A,B,B,B,B,B,B,B,B,B,B,A,B,B,B,B,B,B,A,A,B,A,B,B,B,B,B,B,B,B,B,B,B,B
331,B,B,B,B,B,A,B,B,B,B,B,A,B,B,B,B,B,B,A,B,B,A,B,B,B,B,B,A,B,B,B,B,A,B,A,B,B,A,B,B
332,B,B,B,B,B,B,B,B,B,B,A,B,A,A,B,B,B,B,B,A,B,B,B,B,A,B,B,B,B,B,B,B,A,A,A,B,B,B,B,B
333,B,B,B,B,B,B,B,B,B,B,B,B,A,B,A,B,B,A,B,B,B,B,B,B,B,B,A,B,B,B,B,A,A,A,B,B,B,A,B,B
334,B,B,B,B,A,B,B,B,B,B,A,B,B,B,A,B,A,B,B,A,B,B,A,B,B,B,B,B,B,B,A,B,B,A,B,B,B,B,B,B
335,B,B,B,B,A,B,B,B,B,B,B,B,B,A,B,B,B,B,B,B,B,B,B,A,B,A,B,A,B,B,B,A,B,B,B,A,B,A,B,B
336,B,B,B,B,B,B,B,B,B,B,B,B,B,B,B,B,A,B,A,A,A,B,B,B,A,B,B,B,B,B,B,A,A,B,B,B,B,B,A,B
337,B,A,B,B,A,A,B,B,A,B,B,B,B,B,A,B,B,B,B,B,B,B,B,B,B,B,A,B,B,B,B,B,B,B,A,A,B,B,B,B
338,B,A,A,B,B,A,B,B,B,B,B,B,B,B,B,B,A,B,A,B,B,B,B,B,A,B,B,B,B,B,B,A,B,A,B,B,B,B,B,B
339,A,B,B,B,B,A,B,B,B,B,B,A,A,B,B,B,B,B,B,B,A,B,A,A,B,B,B,B,B,B,B,B,B,B,B,B,B,B,B,A
340,B,B,A,B,A,B,B,A,B,B,B,B,A,B,B,B,B,B,A,B,B,B,B,B,B,A,B,B,A,B,A,B,B,B,B,B,B,B,B,B
341,B,B,B,A,B,B,B,B,B,A,B,B,B,B,B,B,B,A,B,B,B,B,B,B,B,A,B,B,A,A,B,B,B,B,B,B,B,B,A,A
342,B,B,B,B,B,B,B,B,B,B,B,B,B,B,B,B,B,A,B,B,B,B,B,A,B,B,B,A,B,A,B,A,A,B,A,A,B,B,B,B
343,B,B,B,B,B,B,A,B,B,B,A,B,B,B,B,B,B,B,B,B,B,A,B,A,B,A,A,B,B,B,B,B,A,B,B,A,B,B,B,B
344,B,B,B,A,B,B,B,B,B,B,B,B,A,B,B,B,B,B,A,B,B,B,B,B,A,B,B,A,B,B,B,B,B,B,A,B,B,A,A,B
345,B,B,B,B,B,B,B,B,B,B,B,A,A,B,A,A,B,B,B,B,B,B,A,B,B,B,B,B,B,A,B,B,B,B,B,A,A,B,B,B
346,B,B,A,B,B,B,B,B,B,B,B,B,B,A,B,B,B,B,A,B,B,B,B,A,A,B,A,A,B,B,B,B,A,B,B,B,B,B,B,B
347,B,B,A,B,B,B,B,B,B,B,A,B,B,B,B,A,B,A,A,B,B,B,B,B,B,A,B,B,B,B,B,B,A,B,B,A,B,B,B,B
348,B,A,B,B,B,A,B,B,B,A,B,B,B,A,B,B,B,A,B,B,A,B,B,B,B,B,B,B,B,A,B,B,B,A,B,B,B,B,B,B
349,B,B,B,B,A,A,B,A,B,B,B,B,B,B,B,B,B,B,A,B,B,B,B,A,A,B,B,B,B,B,B,B,B,B,B,B,B,A,A,B
350,B,B,B,B,B,A,B,B,A,B,B,A,B,B,B,A,B,B,B,B,B,B,B,A,B,B,A,B,B,A,A,B,B,B,B,B,B,B,B,B
351,B,B,A,B,B,B,B,B,A,B,B,B,A,B,B,A,B,B,B,B,B,B,B,B,B,A,B,B,B,B,B,B,B,B,B,A,A,B,B,A
352,A,A,B,A,B,B,B,B,B,B,B,B,B,B,B,B,B,A,B,B,A,A,B,B,B,B,B,A,B,B,B,B,B,B,B,B,B,B,A,B
353,B,B,B,B,B,B,B,A,A,B,B,B,A,B,B,B,B,B,A,B,B,B,B,A,A,B,B,B,B,A,B,B,B,B,B,B,B,A,B,B
354,B,B,B,B,B,A,B,A,B,B,B,B,A,B,B,B,A,B,B,B,B,B,B,A,B,B,B,B,B,A,B,B,B,A,A,B,B,B,B,B
355,B,B,B,B,B,B,B,A,B,B,A,A,A,B,B,B,B,B,B,B,A,B,B,A,B,B,A,B,A,B,B,B,B,B,B,B,B,B,B,B
356,B,B,B,B,B,A,B,A,B,B,B,B,A,A,B,B,B,A,B,B,B,A,B,B,B,A,B,B,B,B,B,B,B,B,B,B,A,B,B,B
357,B,B,B,B,B,B,A,B,A,B,A,B,B,B,B,B,A,B,B,B,B,B,B,B,B,B,B,B,B,A,B,B,A,B,B,A,B,B,B,A
358,A,A,B,A,B,B,B,A,B,B,A,B,B,B,B,B,B,B,B,B,A,B,B,B,B,B,B,B,B,B,A,B,A,B,B,B,B,B,B,B
359,B,B,B,B,B,B,B,A,B,B,B,B,B,B,A,B,B,B,B,B,B,B,A,B,A,B,B,B,A,B,B,B,B,B,B,A,B,B,A,A
360,B,B,B,A,B,B,A,B,A,B,B,B,B,B,B,B,B,B,B,B,B,B,B,B,A,B,A,B,B,B,B,B,B,A,B,B,A,B,A,B
361,B,B,A,B,B,A,B,B,B,B,B,B,B,B,A,B,B,B,B,A,A,B,B,B,A,B,B,B,A,B,B,B,B,B,B,B,B,A,B,B
362,B,B,A,A,A,A,B,A,B,A,B,B,B,B,B,B,B,B,B,B,B,B,A,B,B,B,B,B,B,B,B,B,B,B,B,B,A,B,B,B
363,A,B,B,B,B,B,B,A,B,A,A,B,B,B,B,B,B,A,B,A,B,B,B,B,A,B,B,B,B,B,B,B,B,A,B,B,B,B,B,B
364,B,A,A,B,B,A,A,B,B,B,B,B,A,B,B,B,B,B,B,B,B,A,B,B,B,B,A,B,B,B,B,B,B,B,B,B,B,B,A,B
365,B,A,A,B,B,B,B,B,A,A,B,A,B,A,B,B,B,B,B,B,B,B,B,B,B,B,B,B,B,B,B,B,B,B,B,B,A,B,A,B
366,B,B,B,B,B,A,B,B,B,B,B,B,B,B,B,B,B,B,B,A,B,A,A,B,A,B,B,B,A,B,B,B,A,B,B,B,B,A,B,B
367,B,B,A,B,A,B,B,B,B,B,B,B,A,B,A,B,B,B,B,B,A,B,A,B,B,B,B,B,B,A,A,B,B,B,B,B,B,B,B,B
368,B,B,B,B,B,B,A,B,B,A,B,B,B,B,B,B,B,A,B,A,B,B,B,B,A,B,B,B,A,B,A,B,B,B,B,A,B,B,B,B
369,B,B,A,B,B,B,A,B,B,B,B,B,A,A,B,B,B,B,A,B,B,B,A,B,A,B,B,B,B,B,B,B,B,B,A,B,B,B,B,B
370,B,B,B,B,B,B,B,B,B,B,A,B,B,B,A,B,B,B,B,A,B,A,B,A,A,B,B,B,B,B,B,B,A,B,B,B,A,B,B,B
371,A,B,A,B,B,A,B,B,B,B,B,B,A,B,B,B,B,B,A,B,B,A,B,B,B,B,B,B,B,B,B,A,B,A,B,B,B,B,B,B
372,A,B,B,B,B,A,B,B,A,B,B,B,B,B,B,B,B,B,A,A,B,B,B,B,A,B,B,B,A,A,B,B,B,B,B,B,B,B,B,B
373,A,B,B,B,B,B,B,B,B,B,B,A,B,B,B,B,B,B,A,B,B,A,B,B,A,B,B,A,B,B,B,B,A,B,B,B,B,B,A,B
374,B,B,B,B,B,B,B,B,A,B,B,A,B,B,B,A,A,B,B,B,B,A,A,B,B,B,B,A,B,B,B,B,B,B,B,B,A,B,B,B
375,A,B,B,B,B,B,B,B,B,B,A,B,B,B,B,B,B,B,A,B,B,B,A,A,B,B,B,B,B,A,A,B,A,B,B,B,B,B,B,B
376,A,B,B,B,B,A,B,A,B,B,A,B,B,B,B,B,B,B,B,B,B,A,A,B,B,B,B,B,B,B,B,B,B,B,B,A,A,B,B,B
377,B,B,B,B,B,B,A,B,B,B,B,B,B,A,B,B,B,A,B,B,B,B,B,B,B,B,A,B,A,B,B,B,A,A,B,B,B,A,B,B
378,B,B,B,B,B,B,B,B,B,B,B,B,B,A,B,A,B,B,B,B,B,B,B,B,B,B,A,B,B,A,A,A,A,B,B,B,A,B,B,B
379,B,B,B,B,B,A,B,B,B,B,B,B,A,B,B,B,A,A,B,B,A,B,B,B,B,B,B,B,B,B,B,A,A,B,B,B,B,A,B,B
380,B,B,A,B,A,B,B,B,B,B,B,B,B,B,B,B,A,B,B,B,A,B,A,A,B,B,A,B,A,B,B,B,B,B,B,B,B,B,B,B
381,B,B,B,B,B,B,B,B,B,B,A,A,B,B,A,B,A,B,B,B,A,B,B,B,B,A,B,B,B,B,B,B,B,B,B,B,B,A,B,A
382,B,B,B,B,B,B,A,A,B,B,B,B,B,B,B,B,B,B,B,B,B,B,A,B,A,B,B,B,A,B,B,B,B,A,A,A,B,B,B,B
383,B,B,B,B,B,A,A,B,B,B,B,B,B,A,B,A,B,B,A,B,B,A,B,B,B,B,B,B,B,A,A,B,B,B,B,B,B,B,B,B
384,A,B,B,A,B,B,B,B,B,A,B,B,B,B,B,B,B,A,B,B,B,B,B,A,B,B,B,B,A,B,B,B,A,B,A,B,B,B,B,B
385,A,A,B,A,B,B,B,B,B,B,B,B,A,B,B,B,B,A,B,B,A,B,B,B,B,B,B,B,B,B,B,B,B,B,A,B,A,B,B,B
386,A,B,B,B,B,B,B,B,A,B,B,A,A,B,B,A,B,B,B,A,B,B,B,B,B,B,B,B,B,B,B,A,A,B,B,B,B,B,B,B
387,A,B,B,B,B,B,B,B,B,B,B,A,B,B,B,B,B,B,A,B,A,B,B,B,B,A,B,A,B,B,B,B,B,B,B,B,A,A,B,B
388,B,B,B,A,A,B,B,A,B,B,B,B,B,B,B,B,B,A,A,B,B,B,B,B,B,B,B,B,B,B,A,B,B,B,B,A,B,B,B,A
389,A,B,B,B,B,B,B,B,B,B,B,B,B,A,B,B,A,A,A,B,A,B,A,B,B,B,B,B,B,B,B,B,A,B,B,B,B,B,B,B
390,B,B,B,B,A,B,B,B,A,B,B,B,B,B,B,A,A,B,A,B,B,B,B,B,B,A,B,B,B,B,B,B,B,A,B,B,B,A,B,B
391,A,B,B,A,B,A,B,B,B,B,B,A,B,B,B,B,B,B,A,B,B,B,B,B,B,B,B,A,A,B,B,B,B,B,B,B,B,B,A,B
392,B,B,A,B,B,B,A,B,A,A,B,B,B,B,B,B,A,B,B,B,B,B,A,B,B,B,B,B,B,B,B,A,B,B,B,B,B,B,A,B
393,A,B,B,B,B,B,B,A,B,B,B,B,B,B,B,B,B,B,B,B,B,A,B,B,B,B,A,A,B,B,B,A,B,B,B,B,B,B,A,A
394,A,B,A,B,B,B,B,B,A,B,B,A,B,B,B,B,A,B,A,B,B,B,B,B,B,B,B,B,B,A,B,A,B,B,B,B,B,B,B,B
395,B,B,B,B,B,B,A,B,B,A,B,B,A,B,B,A,B,B,B,B,B,A,B,A,B,B,B,B,B,B,B,B,B,B,B,A,B,A,B,B
396,B,B,B,B,B,B,B,A,B,B,B,B,B,B,A,A,B,B,A,B,B,B,B,A,B,B,B,B,B,B,B,B,A,B,B,B,A,A,B,B
397,B,A,A,B,B,B,B,B,A,B,B,B,B,B,B,B,B,B,A,A,B,B,B,A,A,B,B,B,B,B,B,B,B,B,B,B,B,B,A,B
398,B,B,B,A,A,B,B,B,B,B,B,A,B,B,B,B,A,A,B,B,B,B,B,B,B,B,B,B,B,B,B,B,A,B,B,B,B,A,B,A
399,B,B,B,B,A,B,B,B,B,A,A,B,B,B,B,B,B,A,B,A,B,B,B,B,A,B,A,B,B,B,A,B,B,B,B,B,B,B,B,B
400,B,A,B,B,B,B,B,B,A,B,A,A,B,B,B,B,B,B,A,B,B,B,B,B,B,B,B,A,A,B,A,B,B,B,B,B,B,B,B,B
401,B,B,A,B,B,A,B,B,B,B,B,B,B,B,B,B,B,B,B,B,A,B,A,A,B,B,A,B,B,B,B,A,B,B,B,B,B,A,B,B
402,A,B,B,B,A,B,B,B,A,A,B,B,B,B,B,B,A,B,A,B,B,B,B,B,B,B,B,B,B,B,A,B,A,B,B,B,B,B,B,B
403,B,A,B,B,B,B,B,A,B,B,B,B,B,A,B,B,B,A,A,B,B,B,A,A,B,B,B,A,B,B,B,B,B,B,B,B,B,B,B,B
404,B,B,B,B,B,B,B,B,A,B,A,B,A,B,B,A,B,B,B,B,B,A,B,A,B,B,B,B,B,B,A,B,A,B,B,B,B,B,B,B
405,B,B,B,B,B,B,B,B,B,B,B,B,B,B,A,B,A,B,A,A,A,B,B,B,B,B,B,A,A,B,B,A,B,B,B,B,B,B,B,B
406,A,B,A,B,B,B,B,B,B,B,A,B,A,B,B,B,B,B,B,B,B,B,B,B,B,A,A,B,B,B,B,B,A,B,B,B,B,B,A,B
407,B,B,B,B,B,A,B,B,B,B,B,A,A,A,A,B,B,B,A,B,B,B,B,B,B,B,B,A,B,B,B,B,B,B,B,B,B,A,B,B
408,B,B,B,B,B,B,B,A,B,B,B,A,A,B,B,B,B,B,B,B,B,B,B,B,A,B,B,B,A,B,B,B,A,A,B,B,B,B,A,B
409,A,B,B,B,B,B,B,A,B,B,B,A,B,B,B,B,B,A,B,A,B,B,B,A,B,B,B,B,B,B,B,B,B,A,B,B,A,B,B,B
410,A,A,B,A,B,B,B,B,B,B,A,A,B,B,B,B,B,B,B,B,B,B,B,B,B,A,B,A,B,B,B,B,B,B,B,A,B,B,B,B
411,B,B,A,A,B,A,B,B,A,B,B,B,B,B,B,B,B,B,B,B,B,B,B,B,A,A,B,B,A,B,A,B,B,B,B,B,B,B,B,B
412,B,B,A,A,B,A,B,B,B,B,A,B,B,B,B,B,B,B,B,B,B,A,A,B,B,B,B,B,B,A,B,B,B,A,B,B,B,B,B,B
413,B,B,B,B,A,B,B,A,B,B,B,B,A,B,B,B,B,B,A,A,B,A,B,A,B,B,B,B,B,B,A,B,B,B,B,B,B,B,B,B
414,B,B,A,B,B,A,B,B,A,B,B,B,B,A,A,A,A,B,B,B,B,B,B,B,B,B,B,B,B,B,B,A,B,B,B,B,B,B,B,B
415,B,B,B,B,A,B,B,B,B,A,B,B,B,B,A,B,A,B,A,B,B,B,B,B,B,B,B,B,A,A,B,B,B,B,B,A,B,B,B,B
416,A,B,B,B,B,A,B,A,A,B,B,A,B,B,B,B,A,B,B,B,A,B,B,B,B,B,B,A,B,B,B,B,B,B,B,B,B,B,B,B
417,B,B,B,B,B,B,B,B,B,B,A,B,B,B,B,A,A,B,B,B,B,A,B,B,A,B,B,B,A,B,B,B,B,B,B,B,A,B,B,A
418,B,B,B,B,B,A,B,B,B,A,B,A,B,B,A,A,B,B,B,B,A,B,B,B,B,B,B,B,B,A,B,B,B,B,B,B,B,B,B,A
419,B,B,B,B,A,B,A,B,B,B,B,A,B,B,B,B,B,B,B,A,B,B,B,A,B,B,A,B,B,B,B,B,B,A,B,B,B,A,B,B
420,B,B,B,B,B,B,B,B,B,A,B,B,B,A,B,A,B,B,A,B,B,B,A,B,B,A,A,B,B,B,B,B,B,B,A,B,B,B,B,B
421,B,B,A,B,A,B,B,A,B,B,A,B,B,B,B,A,A,B,B,B,B,B,B,B,B,B,B,B,B,A,B,B,B,B,B,B,B,A,B,B
422,B,A,B,B,B,A,B,B,B,B,B,B,B,A,B,A,A,B,B,B,B,B,B,B,B,B,B,B,B,A,B,B,B,A,A,B,B,B,B,B
423,A,B,B,B,B,B,B,B,B,B,B,A,A,B,B,B,B,A,B,B,B,B,B,A,B,B,B,B,B,A,B,B,B,B,B,A,B,B,A,B
424,A,A,A,B,B,A,B,B,B,A,B,A,B,B,A,B,B,B,B,B,B,B,B,B,B,B,B,B,B,B,B,B,B,A,B,B,B,B,B,B
425,A,B,A,B,B,B,B,B,B,B,B,B,B,B,A,B,B,B,B,B,B,B,B,A,B,B,A,B,B,B,A,B,B,A,A,B,B,B,B,B
426,B,B,B,B,B,A,B,B,B,A,B,A,A,B,B,B,B,B,A,B,B,B,A,B,B,B,B,B,B,B,B,A,B,B,B,B,B,B,B,A
427,A,B,B,B,B,B,A,A,B,B,A,B,B,B,A,B,B,A,B,B,B,A,B,B,B,B,B,B,B,B,B,A,B,B,B,B,B,B,B,B
428,B,B,B,B,A,A,B,B,B,B,B,B,B,B,B,B,B,A,B,B,B,B,B,B,A,A,B,B,B,A,B,B,B,B,B,B,A,A,B,B
429,B,B,A,B,A,B,B,A,A,B,B,B,B,B,B,B,B,B,B,B,B,B,B,B,B,B,A,B,B,B,B,B,B,A,B,B,B,A,A,B
430,B,B,A,B,B,B,B,B,A,B,B,A,B,A,B,B,B,B,B,B,B,B,B,B,A,B,B,B,B,A,B,B,A,B,A,B,B,B,B,B
431,A,B,B,B,B,B,B,B,B,B,B,B,B,B,B,B,B,B,A,A,B,A,B,B,B,A,B,B,B,B,B,B,A,B,A,B,B,B,A,B
432,A,B,B,B,A,B,B,B,A,B,B,B,B,B,B,B,B,B,B,B,A,B,B,B,A,B,B,B,B,B,B,A,B,A,B,B,B,A,B,B
433,B,A,B,B,B,B,B,B,B,B,A,B,A,B,B,A,B,B,B,B,A,B,B,B,B,A,B,B,A,B,A,B,B,B,B,B,B,B,B,B
434,B,A,B,B,A,B,B,B,B,A,B,B,B,B,B,B,B,B,A,B,B,B,B,B,A,B,A,B,B,B,B,B,B,B,A,B,B,A,B,B
435,B,B,B,B,B,B,B,B,A,B,B,B,A,A,A,B,B,B,B,B,B,B,B,B,B,A,B,A,B,B,B,B,B,A,B,B,B,B,B,A
436,A,B,A,B,A,B,B,B,A,B,B,B,A,B,B,B,B,B,B,B,B,B,B,A,B,B,B,B,B,B,B,B,A,A,B,B,B,B,B,B
437,B,B,B,B,A,B,B,B,B,A,B,B,B,A,B,A,B,B,B,B,B,B,B,B,B,A,B,B,B,B,B,B,B,B,A,A,A,B,B,B
438,B,B,A,B,A,B,B,A,B,B,B,B,B,B,A,B,B,B,B,B,A,A,B,B,B,B,B,B,A,B,B,B,B,B,B,A,B,B,B,B
439,B,B,B,B,B,B,A,B,B,B,B,B,B,B,B,B,B,A,A,B,B,A,B,A,B,B,A,B,B,B,B,B,B,B,B,B,B,A,A,B
440,B,B,A,B,B,B,B,B,B,B,B,B,A,B,B,B,B,B,A,B,B,A,A,B,B,B,B,B,B,A,B,B,B,B,A,B,B,A,B,B
441,B,B,A,B,B,A,A,B,B,B,B,B,A,B,B,B,A,B,B,B,B,A,B,B,B,B,B,B,B,B,B,B,B,B,B,B,A,B,A,B
442,B,B,B,A,B,B,B,B,B,B,B,A,A,B,B,B,B,B,B,B,B,B,B,B,B,A,B,A,B,B,B,B,A,A,B,B,B,A,B,B
443,A,B,A,B,B,B,A,B,B,B,B,B,B,B,B,B,B,A,B,B,B,B,B,B,B,B,A,A,B,A,B,B,B,B,B,B,B,A,B,B
444,B,B,B,B,B,B,B,B,B,B,B,A,A,B,B,B,B,B,A,B,B,B,B,A,B,B,A,A,B,B,B,B,B,B,A,B,B,B,A,B
445,B,B,B,B,B,B,A,B,B,A,B,B,B,A,B,A,B,A,B,B,B,B,B,B,B,B,B,B,A,B,B,B,B,B,B,B,A,B,A,B
446,B,B,B,B,B,A,B,A,B,B,B,B,B,B,B,A,B,B,A,B,B,B,B,B,A,B,B,B,B,A,A,B,B,B,B,A,B,B,B,B
447,B,B,A,B,A,B,A,B,B,A,B,A,B,B,B,B,B,B,B,B,B,A,B,B,B,B,B,A,B,B,B,B,B,B,B,B,B,B,A,B
448,B,B,B,B,A,B,B,B,B,B,B,B,A,B,B,A,B,B,B,A,B,B,B,B,B,A,B,B,B,B,A,B,A,B,B,B,B,B,B,A
449,B,A,B,B,B,B,A,B,B,B,B,B,B,B,B,B,B,B,B,A,B,B,B,B,B,B,B,B,A,B,B,B,A,B,A,B,A,A,B,B
450,A,B,B,B,A,B,B,B,A,B,B,B,B,B,B,B,A,B,A,B,B,A,B,B,B,B,B,B,B,B,B,A,B,A,B,B,B,B,B,B
451,B,A,B,B,B,B,B,B,B,B,B,A,B,B,B,B,A,B,B,B,B,B,A,A,B,A,B,B,B,B,B,B,B,B,A,B,B,A,B,B
452,A,B,B,B,B,B,B,B,A,A,B,B,B,B,B,B,A,B,B,B,A,B,B,B,B,B,B,A,B,B,B,B,B,A,B,B,B,B,A,B
453,B,B,B,B,B,B,A,B,A,B,B,B,B,B,B,B,B,A,B,B,A,B,B,B,B,A,B,B,A,B,A,B,B,B,B,B,B,A,B,B
454,B,A,B,A,B,B,B,A,B,B,B,B,B,A,B,B,A,A,B,B,B,A,B,B,B,B,B,B,B,B,B,B,B,A,B,B,B,B,B,B
455,B,B,A,A,B,B,A,B,B,B,A,B,B,B,A,B,B,B,A,B,B,B,B,B,B,B,B,B,B,A,A,B,B,B,B,B,B,B,B,B
456,A,B,B,B,B,B,B,B,A,B,B,A,B,A,B,B,B,B,B,A,B,B,B,A,B,B,B,B,A,B,B,A,B,B,B,B,B,B,B,B
457,B,A,B,A,B,B,A,A,B,B,B,A,B,B,B,B,B,A,B,B,B,B,B,B,B,B,B,B,B,A,B,B,B,B,B,A,B,B,B,B
458,B,B,A,B,B,A,B,B,B,B,A,B,B,B,B,B,B,B,B,A,B,A,B,A,A,B,B,B,B,B,B,A,B,B,B,B,B,B,B,B
459,B,B,B,B,B,B,B,B,B,B,A,A,B,B,B,B,A,A,B,B,B,A,B,B,B,B,B,A,B,B,B,B,B,B,B,A,A,B,B,B
460,A,B,B,B,B,B,B,B,B,B,B,B,B,A,A,A,B,B,B,A,B,A,B,B,B,B,B,A,B,B,A,B,B,B,B,B,B,B,B,B
461,A,A,B,B,A,B,B,B,B,B,B,B,B,A,A,B,B,B,B,B,B,A,B,B,B,B,B,A,B,B,B,B,B,B,B,B,B,B,A,B
462,B,B,A,A,B,B,B,A,B,B,B,B,B,B,B,B,B,B,B,B,B,B,B,A,B,B,B,B,B,B,B,B,B,A,A,B,B,A,A,B
463,B,B,B,B,B,A,A,B,B,A,B,B,B,B,A,B,B,A,B,B,B,B,B,A,B,A,B,B,B,B,B,B,B,B,B,B,B,A,B,B
464,A,A,B,B,B,B,B,B,B,B,B,B,B,B,B,B,B,B,B,B,B,A,A,B,B,B,B,A,A,B,B,B,B,B,B,B,A,A,B,B
465,B,B,B,A,A,B,A,B,A,B,B,A,A,B,B,B,B,B,B,B,B,B,B,B,B,B,A,B,B,B,B,B,A,B,B,B,B,B,B,B
466,B,B,B,B,B,B,B,B,B,B,B,B,A,B,B,B,B,B,B,B,B,B,B,A,B,B,A,B,B,B,B,B,A,A,A,B,A,A,B,B
467,A,B,B,B,A,B,B,B,B,B,B,B,B,B,B,B,B,A,A,B,B,B,B,B,B,B,B,B,B,B,A,A,B,B,B,A,B,A,B,B
468,B,B,B,B,B,A,B,B,A,B,B,B,B,B,B,B,A,B,B,B,B,B,A,B,A,B,B,B,B,A,B,B,B,B,B,B,B,B,A,A
469,B,B,B,A,A,B,B,B,B,B,B,B,B,A,B,B,B,A,B,B,B,B,B,A,B,B,B,B,B,B,B,A,A,B,B,A,B,B,B,B
470,B,B,B,B,B,A,B,B,B,B,B,B,B,B,B,B,B,A,A,B,B,B,A,B,B,A,B,B,B,B,A,B,B,B,B,A,B,B,B,A
471,B,B,B,B,A,A,B,B,A,B,A,B,A,B,B,B,B,A,B,B,B,B,B,B,B,B,B,B,B,A,B,B,A,B,B,B,B,B,B,B
472,A,B,A,A,B,B,B,B,A,B,B,B,B,B,B,B,B,B,B,B,B,B,B,A,B,A,B,B,B,B,B,B,B,B,A,A,B,B,B,B
473,B,B,B,B,B,A,B,B,B,B,A,B,A,B,B,B,B,B,A,B,B,A,B,B,B,B,B,A,B,A,B,B,B,A,B,B,B,B,B,B
474,B,B,B,B,B,B,B,B,A,B,B,B,A,B,B,B,B,B,A,A,B,B,B,B,B,A,B,B,B,B,B,A,A,B,B,B,B,B,A,B
475,B,B,B,B,B,B,A,B,B,B,A,B,B,B,B,B,B,A,A,B,B,B,B,B,B,A,B,A,B,B,B,B,B,B,B,A,B,B,A,B
476,A,B,B,B,B,A,B,B,B,B,B,B,A,B,B,B,B,B,B,B,B,B,A,A,B,B,A,A,A,B,B,B,B,B,B,B,B,B,B,B
477,A,B,A,A,B,B,B,B,B,A,B,B,B,B,B,B,B,B,A,B,B,B,B,A,B,B,B,B,B,B,B,A,B,B,B,B,B,A,B,B
478,B,B,B,A,B,B,A,B,B,B,A,B,B,A,B,B,B,B,B,A,B,B,B,A,B,A,B,B,B,B,B,B,B,B,B,B,B,B,B,A
479,B,B,B,A,A,B,B,A,B,B,B,B,B,B,B,A,A,B,A,B,B,B,B,A,B,B,B,B,B,B,B,B,B,B,B,B,B,B,B,A
480,B,B,B,B,B,B,B,A,A,B,A,B,B,A,B,B,A,B,B,B,B,B,B,A,B,B,B,B,A,B,B,B,B,B,B,B,A,B,B,B
481,B,B,A,B,B,A,B,A,B,A,B,B,B,A,B,B,B,B,B,A,B,B,B,B,B,B,B,A,B,B,B,B,B,B,B,A,B,B,B,B
482,B,B,B,B,B,A,B,B,B,A,B,B,B,B,B,A,A,A,B,B,B,B,B,A,B,B,B,B,A,B,B,B,B,B,B,A,B,B,B,B
483,B,B,B,B,B,B,B,B,B,B,B,B,B,B,B,B,B,B,A,A,B,A,B,A,B,A,B,B,B,B,A,A,B,B,A,B,B,B,B,B
484,B,B,B,B,B,B,A,B,B,B,B,B,B,B,B,B,A,B,B,B,B,A,B,A,B,B,B,B,B,B,B,B,B,B,A,B,A,A,A,B
485,B,B,B,B,B,B,B,B,A,B,B,B,B,B,B,B,B,B,A,B,B,B,A,A,B,B,B,A,B,A,B,A,B,B,B,B,A,B,B,B
486,B,A,B,B,B,A,B,B,A,B,B,B,B,B,B,A,B,B,B,B,B,B,B,A,B,B,B,A,B,B,A,A,B,B,B,B,B,B,B,B
487,B,B,B,A,B,B,B,B,B,B,B,B,B,B,B,B,B,B,B,B,B,A,B,B,A,B,B,A,A,B,B,B,A,A,B,B,A,B,B,B
488,B,B,B,B,A,A,B,B,B,B,B,B,B,B,A,B,B,B,B,B,B,B,B,B,B,B,B,B,B,B,B,B,A,B,A,B,A,A,A,B
489,B,B,B,B,A,A,A,B,B,B,B,B,B,B,B,B,B,B,B,A,B,B,A,B,B,B,B,B,B,B,B,B,B,B,B,B,B,A,A,A
490,B,B,B,B,A,B,B,A,B,B,B,B,B,A,B,B,B,B,B,B,B,B,A,B,B,A,A,B,B,B,A,B,B,B,B,B,B,A,B,B
491,A,A,B,A,B,B,B,B,B,B,B,B,B,B,B,A,B,B,B,A,B,B,B,B,B,B,B,B,B,B,A,A,B,B,A,B,B,B,B,B
492,A,B,B,B,B,B,B,B,B,A,B,B,B,B,B,B,B,B,A,B,B,A,B,B,A,B,B,B,B,A,B,B,B,B,A,B,B,B,A,B
493,A,B,B,B,B,B,B,B,B,B,B,B,A,B,B,A,A,B,B,A,B,B,B,B,B,B,B,B,B,A,B,B,A,B,B,B,B,A,B,B
494,B,A,B,B,B,A,B,B,B,A,B,A,A,B,B,A,B,B,B,B,B,B,B,B,B,A,B,B,B,B,B,B,B,B,B,B,B,B,B,A
495,B,A,B,B,B,A,A,B,B,B,B,B,B,B,B,B,B,B,B,B,A,B,B,B,A,B,A,B,B,B,B,B,A,B,B,A,B,B,B,B
496,B,A,A,B,B,A,B,B,B,B,B,B,B,B,B,A,B,A,B,B,B,B,A,B,B,B,B,B,A,B,B,B,B,B,B,A,B,B,B,B
497,B,B,B,B,A,B,B,B,A,B,A,B,B,B,B,B,B,B,A,B,B,B,B,A,B,B,B,B,A,A,B,A,B,B,B,B,B,B,B,B
498,B,B,A,B,B,B,B,B,A,B,B,B,B,B,B,A,B,B,B,B,B,B,A,B,B,B,B,B,B,B,B,A,A,B,B,A,B,B,B,A
499,A,B,B,B,B,A,B,A,A,A,B,B,A,B,A,B,B,B,A,B,B,B,B,B,B,B,B,B,B,B,B,B,B,B,B,B,B,B,B,B
500,B,B,B,B,B,A,B,A,B,A,B,B,A,B,B,B,B,B,B,B,B,B,B,A,B,A,B,B,B,B,A,B,B,A,B,B,B,B,B,B
501,A,B,A,B,B,B,B,B,B,B,B,B,A,A,B,B,B,B,A,B,B,A,B,B,A,B,B,B,B,B,A,B,B,B,B,B,B,B,B,B
502,B,B,B,B,B,B,A,B,B,B,B,B,A,B,A,B,B,B,B,B,A,B,B,B,B,A,B,B,B,B,B,B,B,A,B,A,B,B,B,A
503,B,B,B,B,B,B,B,B,B,B,B,A,A,B,B,A,B,B,B,A,B,B,B,B,B,B,B,B,B,B,B,A,A,B,A,A,B,B,B,B
504,B,B,A,B,B,A,A,B,B,B,B,B,B,B,B,B,B,B,B,A,B,B,B,A,B,B,B,B,A,B,B,B,A,A,B,B,B,B,B,B
505,B,A,A,B,B,B,B,B,B,B,B,B,B,A,B,B,B,A,B,B,B,B,B,B,B,B,A,B,B,B,B,B,B,A,B,A,B,B,B,A
506,A,B,A,A,B,B,B,B,B,B,A,B,B,B,B,A,B,B,B,B,B,B,B,B,B,B,B,B,B,A,A,B,B,B,B,B,B,B,B,A
507,A,B,B,B,B,B,B,B,B,B,B,B,B,B,B,B,B,B,B,B,B,B,B,A,A,B,A,B,B,A,B,B,B,B,B,B,B,A,A,A
508,B,B,B,B,B,A,A,B,B,B,B,B,B,B,A,B,B,B,A,B,B,B,A,B,A,B,B,A,B,B,B,B,B,B,B,B,B,B,A,B
509,B,A,B,A,B,B,B,B,B,A,B,B,B,B,B,B,B,B,B,B,B,B,B,B,B,A,B,A,B,A,B,A,B,B,B,A,B,B,B,B
510,A,B,B,B,B,B,B,A,B,B,B,B,B,A,B,B,B,B,B,B,B,B,B,A,B,B,B,B,B,B,B,A,A,B,B,B,B,B,A,A
511,A,B,B,B,B,B,B,B,B,A,B,B,B,B,B,A,B,B,B,B,A,B,B,B,A,B,B,B,B,B,B,A,B,A,B,B,B,B,B,A
512,B,B,B,B,B,A,B,A,B,A,A,B,B,B,B,A,B,B,B,B,B,B,B,B,B,B,B,B,A,A,B,B,B,B,B,B,B,B,A,B
513,B,B,A,B,B,A,B,A,B,B,B,B,B,B,B,B,B,A,A,B,B,A,B,B,B,B,B,B,B,B,B,B,B,B,A,B,A,B,B,B
514,B,B,B,B,A,A,B,A,B,B,B,B,B,B,B,B,B,B,B,B,A,A,B,B,B,B,B,B,A,B,B,B,B,A,B,B,B,B,A,B
515,A,A,B,B,B,B,B,B,A,B,B,B,B,B,B,B,B,B,B,B,B,A,B,A,B,B,B,B,B,B,A,B,B,B,B,B,B,A,A,B
516,A,B,B,B,B,B,B,A,B,B,B,B,A,B,B,B,B,A,B,B,B,B,A,B,B,B,A,B,B,A,B,B,B,B,B,B,B,B,A,B
517,B,B,B,B,B,A,B,B,B,B,B,A,B,B,B,B,B,B,B,A,B,B,B,A,A,B,B,B,B,B,B,B,A,A,B,B,B,A,B,B
518,A,B,B,B,B,B,B,B,A,B,B,B,B,B,B,B,A,B,B,B,B,B,B,A,B,B,B,A,A,B,A,B,B,A,B,B,B,B,B,B
519,B,B,B,B,B,B,A,B,A,A,B,B,B,B,B,B,A,B,A,A,B,B,B,B,B,B,B,B,B,B,B,B,B,A,B,A,B,B,B,B
520,B,B,B,B,B,B,B,B,B,A,B,B,B,B,A,A,B,B,B,B,A,B,B,B,B,B,B,B,B,A,B,B,A,B,B,B,A,A,B,B
521,B,A,B,A,B,B,B,B,B,A,B,B,B,A,B,B,B,B,A,B,B,B,A,B,B,A,B,B,B,B,B,B,B,B,B,B,B,A,B,B
522,B,B,B,B,B,B,A,B,A,B,B,B,B,B,B,B,B,A,B,A,B,B,B,B,B,A,B,B,B,B,A,B,B,B,A,B,B,B,A,B
523,B,B,B,B,B,B,B,A,B,B,B,B,B,B,A,B,B,B,A,B,B,A,B,B,A,B,A,B,B,B,B,B,B,B,A,B,B,A,B,B
524,B,B,A,B,B,B,B,B,B,A,B,B,B,B,B,B,A,B,B,A,B,B,A,B,B,B,B,B,B,B,B,B,B,A,A,A,B,B,B,B
525,B,A,A,A,A,A,B,B,B,B,B,B,B,B,A,B,A,B,A,B,B,B,B,B,B,B,B,B,B,B,B,B,B,B,B,B,B,B,B,B
526,A,A,B,B,B,B,B,B,B,B,B,B,A,B,B,B,B,B,B,B,B,B,B,B,B,A,B,A,B,B,B,B,B,B,A,B,B,A,A,B
527,A,B,A,B,A,B,B,B,B,B,B,B,B,B,B,A,B,B,B,B,B,B,B,B,B,B,B,B,A,A,B,B,B,A,B,B,A,B,B,B
528,A,B,B,B,B,B,B,A,A,B,B,B,B,B,B,B,B,B,B,A,B,B,B,B,B,A,B,B,B,B,B,B,B,A,B,B,B,A,B,A
529,B,B,B,B,A,B,A,B,B,B,B,B,B,A,B,B,B,B,B,B,B,A,B,B,B,A,B,B,A,B,B,B,B,B,B,A,B,A,B,B
530,B,A,B,B,B,A,A,A,B,B,A,B,B,B,B,B,B,A,B,B,B,B,B,B,B,B,B,B,B,A,B,A,B,B,B,B,B,B,B,B
531,A,B,B,B,B,B,B,B,B,B,B,B,A,B,B,B,B,B,B,B,B,B,B,B,A,B,B,B,B,A,A,A,B,B,A,B,B,B,B,A
532,B,A,B,B,B,B,B,B,B,B,B,A,B,B,B,A,B,A,B,B,B,A,B,B,B,B,B,B,A,B,A,B,B,B,B,B,B,B,B,A
533,B,B,B,B,B,B,A,B,B,B,B,B,B,B,A,B,B,B,B,A,B,B,B,B,B,A,B,B,B,A,B,B,A,B,B,A,B,A,B,B
534,B,B,B,A,B,B,B,B,B,A,B,B,B,A,B,A,B,A,B,B,B,B,B,B,B,B,B,A,B,B,B,B,A,B,B,B,A,B,B,B
535,B,B,A,B,A,B,B,A,B,B,B,B,B,B,A,A,B,B,B,A,B,B,B,B,A,B,B,B,B,B,B,B,B,B,B,B,A,B,B,B
536,B,B,B,B,B,A,B,A,A,B,B,B,B,B,B,B,B,B,B,B,A,B,B,B,B,B,B,B,B,B,B,B,B,A,A,A,B,B,B,A
537,B,B,B,B,B,B,B,B,B,B,B,A,B,B,B,B,B,B,B,B,B,B,A,B,A,B,B,A,B,A,B,A,B,A,B,B,B,B,B,A
538,B,A,B,B,B,A,B,B,B,B,A,B,B,B,B,B,B,B,B,B,A,B,B,B,B,B,A,A,B,B,A,B,B,A,B,B,B,B,B,B
539,B,B,B,B,B,B,B,A,B,B,A,B,A,A,B,B,B,B,B,B,B,B,B,A,A,B,B,B,B,B,B,B,B,A,B,B,B,B,A,B
540,A,B,B,B,B,B,B,B,A,B,A,A,A,B,A,B,B,B,B,B,B,A,B,B,B,B,B,B,B,B,B,B,A,B,B,B,B,B,B,B
541,B,B,B,B,B,B,B,A,A,B,B,B,B,B,B,B,B,A,A,B,B,A,B,B,B,B,B,B,B,A,B,A,B,B,B,B,B,A,B,B
542,B,B,B,B,A,B,A,B,B,B,B,B,B,B,B,B,B,B,A,B,B,A,B,A,B,A,B,B,B,B,B,A,B,B,A,B,B,B,B,B
543,B,B,B,B,B,A,B,B,A,B,B,B,B,A,B,B,B,A,B,A,B,B,A,B,B,B,B,B,B,B,B,A,B,B,B,B,B,B,A,B
544,B,B,B,B,A,A,B,B,B,B,B,B,B,A,B,B,A,B,B,B,B,B,B,B,B,B,A,B,B,B,A,B,B,B,A,B,A,B,B,B
545,B,B,B,B,B,A,B,B,A,B,B,A,B,B,B,B,A,B,B,B,A,B,B,A,B,B,B,B,B,A,B,B,B,B,B,B,A,B,B,B
546,B,A,B,B,A,B,B,B,B,B,A,B,B,B,A,A,B,B,B,B,A,B,B,B,B,B,A,B,B,B,B,B,A,B,B,B,B,B,B,B
547,B,B,B,B,B,B,B,A,B,A,B,B,B,A,B,B,B,B,B,A,A,B,B,B,B,B,B,B,B,B,A,B,A,B,B,B,B,B,B,A
548,B,B,B,A,B,B,B,B,B,B,B,B,B,A,A,B,A,B,A,B,B,B,B,B,B,B,B,B,B,B,A,B,A,B,A,B,B,B,B,B
549,B,A,B,B,A,B,B,A,A,B,B,B,B,B,B,B,B,B,B,B,B,B,B,B,B,B,B,B,A,B,B,B,A,B,B,B,A,A,B,B
550,B,B,A,B,B,B,B,B,B,B,A,A,A,B,B,B,B,B,B,B,B,B,B,B,B,B,B,B,B,B,A,B,B,B,A,A,A,B,B,B
551,B,A,B,B,B,B,B,B,B,A,B,A,B,B,B,B,B,B,B,A,B,B,B,A,A,B,B,B,B,B,B,B,A,B,B,A,B,B,B,B
552,B,B,B,B,B,B,A,B,B,B,B,A,B,A,A,B,B,B,B,A,B,B,B,B,B,A,B,B,B,B,A,B,B,B,B,B,B,B,A,B
553,B,B,B,B,B,B,B,A,B,B,A,B,B,B,B,B,B,B,B,B,A,B,A,A,A,B,A,A,B,B,B,B,B,B,B,B,B,B,B,B
554,B,B,A,B,B,B,B,B,B,B,B,B,A,A,B,A,B,B,B,B,B,B,B,B,B,B,B,B,A,B,B,A,B,B,A,B,B,B,B,A
555,B,A,B,B,B,B,A,B,B,B,B,B,B,A,B,B,B,A,A,B,A,B,B,A,B,B,B,B,B,B,B,B,B,A,B,B,B,B,B,B
556,B,B,B,B,A,B,B,B,A,B,B,B,B,B,A,B,B,A,B,B,B,A,B,B,B,A,A,B,B,B,B,B,B,B,B,B,B,B,A,B
557,A,B,B,B,B,A,B,B,B,B,B,B,B,B,A,B,B,A,A,A,B,B,A,B,B,B,A,B,B,B,B,B,B,B,B,B,B,B,B,B
558,A,B,A,B,B,B,B,B,B,B,B,B,A,B,B,B,A,B,B,A,B,A,B,B,B,B,B,B,B,B,B,B,B,A,B,B,B,A,B,B
559,B,B,B,B,B,B,B,B,B,B,B,B,B,A,A,B,B,B,A,B,B,A,A,B,B,B,A,B,B,B,A,B,A,B,B,B,B,B,B,B
560,B,B,B,A,B,A,B,B,B,B,B,B,B,A,B,B,B,A,B,A,B,B,B,B,B,B,B,B,A,B,B,B,B,B,B,B,B,B,A,A
561,B,A,B,A,B,B,B,B,A,B,B,B,B,B,B,B,B,B,B,B,A,B,B,A,B,B,B,B,B,A,B,B,A,B,B,A,B,B,B,B
562,B,A,B,B,A,B,B,A,B,A,B,B,B,B,B,B,B,B,B,A,B,B,B,B,B,B,B,B,B,B,B,B,A,B,B,B,B,A,B,A
563,B,A,B,B,B,B,A,A,B,B,B,B,B,B,A,B,B,B,B,B,B,B,B,B,B,B,B,B,B,B,B,B,A,A,B,B,A,A,B,B
564,A,B,B,B,B,A,B,B,A,B,B,A,B,B,B,B,B,B,B,B,B,A,A,B,B,B,B,B,A,B,B,B,B,B,B,A,B,B,B,B
565,B,A,B,B,B,B,B,B,B,B,B,B,B,A,B,B,A,B,B,B,B,B,A,B,B,B,B,B,B,B,A,B,A,A,B,B,B,B,A,B
566,B,B,B,B,B,B,B,B,B,A,B,A,B,B,A,B,A,A,B,B,B,B,B,B,A,B,B,B,B,B,B,A,B,A,B,B,B,B,B,B
567,B,A,B,B,B,B,B,B,A,B,B,B,A,B,B,B,B,A,B,B,B,B,B,B,A,B,B,B,B,B,B,A,B,A,B,B,B,B,B,A
568,A,B,B,B,A,B,B,A,B,B,A,B,B,B,A,B,A,B,A,B,B,A,B,B,B,B,B,B,B,B,B,B,B,B,B,B,B,B,B,B
569,B,B,B,B,B,B,B,A,B,B,B,B,B,A,B,B,B,A,B,B,B,B,B,B,A,B,B,A,B,B,B,B,A,B,A,B,B,B,A,B
570,B,A,B,B,A,A,B,B,A,B,A,A,B,B,B,B,B,B,B,B,B,B,B,B,B,B,B,B,B,B,B,A,B,B,B,B,A,B,B,B
571,B,B,A,B,B,A,A,B,B,A,B,B,B,B,A,B,B,B,A,B,B,B,B,B,A,B,B,B,B,B,B,B,B,B,B,B,B,B,B,A
572,B,A,B,B,B,B,B,B,B,B,B,B,A,B,B,B,B,B,B,B,A,B,B,B,A,B,B,B,B,B,B,B,A,A,B,B,A,A,B,B
573,A,B,B,A,B,B,B,B,B,B,B,A,B,B,B,B,B,A,B,B,B,A,B,B,B,B,B,B,B,B,B,B,B,A,B,B,B,A,B,A
574,B,B,B,B,B,B,A,B,A,B,B,B,B,B,B,A,B,A,B,A,B,B,B,B,B,B,B,B,A,B,B,A,B,B,B,A,B,B,B,B
575,B,B,B,A,B,B,A,B,B,B,B,B,B,B,B,B,B,A,B,B,B,B,B,A,B,B,B,A,B,B,B,B,B,B,A,B,B,A,B,A
576,B,A,B,B,B,B,B,B,B,B,B,A,B,A,B,B,B,B,B,B,A,A,B,B,B,B,B,B,B,A,B,B,B,A,B,A,B,B,B,B
577,B,A,B,B,B,B,B,B,B,B,B,B,A,A,B,B,B,B,A,B,B,B,A,A,B,B,B,B,B,A,B,A,B,B,B,B,B,B,B,B
578,B,B,B,B,B,B,A,B,A,B,B,B,B,A,B,B,A,B,B,B,B,B,A,A,B,B,A,B,B,B,B,B,B,B,B,B,B,B,A,B
579,B,B,B,B,B,B,B,B,B,A,B,B,A,B,B,B,B,B,B,A,B,B,B,A,B,B,B,B,A,A,A,B,B,A,B,B,B,B,B,B
580,B,B,B,B,B,A,B,B,B,A,B,B,A,B,B,B,B,B,A,B,B,B,A,B,B,B,B,A,B,B,B,B,A,B,A,B,B,B,B,B
581,B,B,B,B,A,B,A,B,B,A,B,B,B,B,B,B,B,B,A,B,B,B,B,B,A,B,B,A,B,B,B,B,B,B,A,B,B,B,B,A
582,A,B,A,B,A,B,B,B,B,B,B,A,B,B,B,B,B,B,A,B,B,B,B,B,B,A,B,B,B,B,B,A,B,B,B,B,A,B,B,B
583,B,B,B,B,B,B,B,B,A,A,B,B,B,A,B,B,B,B,A,B,B,A,A,B,B,B,B,B,A,B,B,B,B,B,B,B,A,B,B,B
584,B,B,A,B,B,B,A,B,B,B,A,A,B,B,B,B,A,B,B,B,B,B,B,A,A,B,B,B,B,B,B,B,B,B,B,B,B,B,A,B
585,B,B,A,B,A,B,B,B,B,B,B,B,B,B,B,B,B,B,B,A,A,B,A,B,B,B,B,B,B,A,A,B,B,B,B,A,B,B,B,B
586,B,B,B,A,B,A,A,B,B,B,B,B,A,B,B,B,B,A,B,B,A,B,B,B,B,B,B,B,B,B,B,B,B,A,B,B,B,A,B,B
587,B,B,B,B,B,B,B,A,B,B,B,B,B,B,B,A,B,B,B,B,B,A,B,B,B,A,A,B,B,B,A,A,B,B,B,A,B,B,B,B
588,B,B,B,B,B,B,B,B,B,B,B,A,A,B,B,B,B,B,B,B,A,B,B,B,B,B,B,A,A,B,B,B,A,A,B,B,B,B,B,A
589,B,B,B,B,B,A,B,B,B,B,B,A,B,B,B,B,B,B,A,B,B,B,B,A,B,A,B,B,B,A,B,B,B,B,A,A,B,B,B,B
590,B,B,A,B,B,B,A,A,A,B,A,B,B,B,B,B,B,B,A,B,B,A,B,B,B,B,B,B,B,B,B,B,B,B,B,B,A,B,B,B
591,B,B,B,A,B,B,A,B,B,B,B,B,B,B,B,B,A,B,B,B,A,A,B,B,B,A,B,B,A,B,B,B,B,B,A,B,B,B,B,B
592,B,A,B,A,A,B,B,B,B,B,A,A,A,B,B,B,B,B,B,A,B,A,B,B,B,B,B,B,B,B,B,B,B,B,B,B,B,B,B,B
593,B,B,B,B,B,A,A,B,B,A,B,B,B,A,B,B,B,B,B,B,B,B,B,B,B,A,B,B,B,B,B,B,B,B,B,A,B,A,B,A
594,B,B,B,B,B,B,A,B,B,B,A,B,B,A,A,B,B,B,A,A,B,B,B,B,B,B,A,B,B,B,B,B,A,B,B,B,B,B,B,B
595,A,B,B,B,A,B,B,B,B,B,A,B,B,B,B,B,B,B,B,B,B,B,B,B,B,B,B,A,A,A,B,B,B,B,B,A,B,B,A,B
596,B,A,B,B,B,B,B,B,B,B,B,B,B,A,B,A,B,A,B,B,B,B,B,A,B,B,B,B,B,B,B,B,A,B,A,B,B,A,B,B
597,B,B,B,A,A,B,A,B,A,B,B,B,B,A,B,B,B,B,A,B,A,B,B,B,B,B,B,B,B,A,B,B,B,B,B,B,B,B,B,B
598,B,B,B,A,B,B,B,B,B,A,B,B,B,B,B,B,B,B,A,B,B,B,B,A,A,B,B,B,B,B,A,B,A,B,B,B,A,B,B,B
599,A,B,B,A,A,B,B,B,A,B,B,B,B,B,B,A,B,B,B,B,B,A,B,A,B,B,B,B,A,B,B,B,B,B,B,B,B,B,B,B
600,B,B,B,B,A,A,B,B,B,B,A,B,B,B,B,A,A,B,A,B,B,B,B,A,B,B,B,B,B,B,B,B,B,B,A,B,B,B,B,B
601,A,B,A,B,B,A,B,B,B,B,B,A,B,B,A,B,B,B,B,B,B,B,B,B,A,B,A,B,B,B,B,A,B,B,B,B,B,B,B,B
602,B,B,B,B,B,B,B,B,A,A,A,A,B,A,B,B,B,B,B,B,B,A,A,B,B,B,B,B,B,B,B,B,A,B,B,B,B,B,B,B
603,B,B,B,B,B,B,B,B,B,B,B,B,B,B,B,B,A,B,B,A,A,A,A,B,B,B,B,A,A,A,B,B,B,B,B,B,B,B,B,B
604,A,B,B,B,B,B,B,B,B,B,A,B,B,B,A,A,B,B,B,B,B,A,B,A,B,B,A,B,B,B,A,B,B,B,B,B,B,B,B,B
605,B,A,A,B,A,B,B,B,A,B,B,B,B,B,B,B,B,A,B,B,B,B,A,B,B,B,A,B,B,A,B,B,B,B,B,B,B,B,B,B
606,B,B,A,A,A,B,B,B,B,A,B,A,B,B,B,A,B,B,B,B,B,B,B,A,B,B,B,B,B,B,B,B,B,B,B,B,B,A,B,B
607,B,B,B,B,B,B,B,B,B,B,B,B,B,B,B,A,A,A,B,A,B,B,B,B,B,B,B,B,A,B,B,A,B,B,A,B,B,A,B,B
608,A,B,B,B,B,B,B,B,A,B,B,B,B,A,B,B,A,A,B,B,A,B,B,B,B,B,B,B,B,B,B,B,B,B,B,B,A,B,B,A
609,B,B,B,B,B,B,B,B,B,B,A,A,A,B,B,B,B,B,B,B,B,B,B,B,A,B,B,B,A,B,B,B,B,B,A,A,A,B,B,B
610,B,B,A,B,B,B,B,B,B,B,B,B,A,B,B,B,B,A,B,B,B,B,B,A,B,B,B,A,B,B,A,B,B,A,B,B,B,A,B,B
611,B,A,B,B,B,A,B,B,B,B,B,A,A,B,A,B,B,B,B,B,B,B,B,B,B,B,B,B,B,B,A,B,A,B,B,B,B,B,A,B
612,B,B,B,B,B,B,A,B,A,A,B,B,B,B,B,B,A,B,A,B,B,B,B,B,B,A,B,B,B,B,B,B,B,B,B,A,B,A,B,B
613,B,B,B,B,B,A,B,B,B,B,B,A,B,B,B,B,B,B,B,B,B,B,B,B,B,A,A,B,A,B,A,B,B,B,B,A,A,B,B,B
614,A,B,B,B,A,B,B,B,B,B,B,B,B,A,B,B,B,B,B,A,B,B,B,B,A,B,B,B,B,A,B,B,B,A,A,B,B,B,B,B
615,A,B,B,A,B,B,B,B,B,B,B,B,B,B,B,B,B,B,B,B,A,B,B,B,B,B,B,B,B,B,B,A,B,B,B,A,B,A,A,A
616,B,A,B,B,A,B,B,A,B,B,B,B,B,B,A,B,B,A,B,B,B,B,B,B,B,B,A,B,B,A,B,B,B,B,B,B,B,B,B,A
617,B,B,A,B,B,B,B,A,B,B,B,B,B,B,A,B,B,B,B,B,B,A,A,A,A,B,B,B,A,B,B,B,B,B,B,B,B,B,B,B
618,B,B,B,B,A,B,B,B,B,B,B,B,B,B,B,A,B,B,B,A,B,B,A,B,B,A,A,B,B,A,B,B,B,B,B,B,B,B,A,B
619,B,B,A,B,B,B,B,B,B,B,B,B,B,B,B,A,B,B,B,B,A,B,A,B,B,B,B,B,A,B,A,B,B,A,B,B,B,B,A,B
620,B,B,B,A,B,A,A,B,B,B,B,B,B,A,A,B,B,B,B,B,B,B,B,B,B,A,B,B,B,B,B,B,B,A,B,B,B,B,B,A
621,B,B,B,A,B,B,A,B,B,B,B,B,A,B,B,B,B,B,B,B,B,B,A,B,B,A,A,B,B,B,B,B,B,B,B,B,B,A,A,B
622,B,B,B,B,B,A,A,B,B,B,B,A,B,B,B,B,B,B,A,B,A,B,B,A,B,A,B,B,B,B,B,B,B,B,B,B,B,B,B,A
623,B,A,A,B,B,B,B,B,B,B,B,A,A,B,B,A,B,B,B,B,B,B,B,B,B,B,B,B,A,B,B,B,A,B,B,B,A,B,B,B
624,A,B,B,B,B,A,B,B,A,B,B,B,B,B,A,B,A,B,B,B,A,B,B,B,B,B,B,B,A,B,B,B,B,B,B,B,B,B,A,B
625,B,B,A,A,B,B,A,B,B,B,B,B,A,A,B,B,B,B,B,B,B,B,A,B,B,A,B,B,B,B,B,B,B,B,B,B,B,B,B,A
626,B,A,A,B,A,A,B,B,B,B,B,B,B,A,B,B,B,B,B,B,B,B,B,A,B,B,B,B,B,B,A,B,B,B,B,B,B,B,A,B
627,B,B,B,B,B,B,B,A,B,A,A,B,B,B,B,B,B,A,B,B,B,B,B,A,A,B,B,B,B,B,A,B,B,A,B,B,B,B,B,B
628,B,B,B,A,B,B,A,B,A,B,B,B,B,A,A,B,B,B,A,B,B,B,B,B,B,B,B,B,B,B,B,B,B,B,A,B,B,B,B,A
629,B,A,B,A,B,B,B,B,A,B,B,B,B,A,B,B,B,B,B,B,B,B,B,A,B,B,B,B,B,A,B,B,B,B,B,B,A,B,B,A
630,B,B,B,B,B,A,B,B,B,B,B,B,B,B,A,B,B,A,B,B,B,B,B,B,B,B,B,A,B,B,B,B,A,A,B,A,B,B,A,B
631,A,A,B,B,B,A,B,A,B,B,A,B,B,B,B,B,B,B,B,B,B,B,B,B,B,B,A,A,B,B,B,B,B,A,B,B,B,B,B,B
632,B,A,A,B,B,B,B,A,A,B,B,B,B,A,B,B,B,B,B,B,B,B,B,A,B,B,B,A,B,B,B,B,A,B,B,B,B,B,B,B
633,B,A,B,B,B,A,B,A,B,B,A,B,B,B,B,B,A,B,A,B,B,B,B,B,B,B,B,B,B,B,B,B,B,B,B,B,A,A,B,B
634,B,B,B,B,B,B,B,B,B,B,A,A,B,B,B,A,B,A,B,B,B,B,B,B,B,B,B,B,A,B,B,B,B,B,A,B,B,B,A,A
635,B,B,A,B,B,B,A,B,B,B,A,B,A,B,B,B,B,B,B,A,A,B,B,B,B,B,B,A,B,A,B,B,B,B,B,B,B,B,B,B
636,B,B,B,B,A,A,B,B,A,B,B,B,B,B,B,B,B,B,B,B,B,A,A,B,B,B,B,B,B,A,B,A,B,B,B,B,B,B,A,B
637,B,B,B,B,B,A,A,B,B,B,B,A,B,B,B,A,B,B,B,B,B,A,B,B,B,B,A,B,B,B,B,B,B,B,A,B,A,B,B,B
638,A,B,B,A,B,B,A,B,B,B,B,B,B,A,B,B,B,A,B,B,B,B,B,B,B,B,B,B,B,B,B,B,A,B,B,A,B,A,B,B
639,B,B,B,B,B,B,B,A,B,B,B,B,B,B,B,B,B,B,B,A,B,B,B,B,B,B,B,B,B,B,A,B,B,B,A,A,A,A,B,A
640,B,B,B,B,B,B,B,B,B,A,B,A,B,B,B,B,B,B,A,B,A,A,B,B,B,B,A,B,A,B,B,B,B,A,B,B,B,B,B,B
641,B,B,B,A,B,B,A,B,B,B,B,A,B,B,B,A,B,A,B,B,B,B,B,B,B,B,B,B,B,B,B,A,B,A,B,B,A,B,B,B
642,B,B,A,B,B,B,A,B,A,B,B,B,B,B,A,B,B,B,A,A,B,B,B,B,B,B,B,B,B,B,B,B,B,B,A,B,B,A,B,B
643,B,A,B,B,A,A,B,B,B,A,B,A,B,B,B,B,B,B,B,B,B,B,B,B,B,A,B,B,B,B,B,A,B,B,B,B,B,A,B,B
644,B,B,A,B,B,B,B,B,B,A,B,B,B,B,B,B,B,B,A,B,A,B,B,A,B,B,A,B,B,B,B,B,B,A,B,A,B,B,B,B
645,A,A,B,A,B,B,B,B,B,A,B,B,B,A,B,B,B,B,B,A,B,B,B,A,B,B,B,B,B,B,B,B,B,B,B,A,B,B,B,B
646,B,A,B,B,B,B,B,B,A,A,B,A,B,B,B,B,B,B,B,B,B,B,B,B,A,B,B,B,B,B,B,B,A,A,B,B,A,B,B,B
647,B,B,B,A,A,B,A,B,B,B,B,B,B,B,A,A,B,B,B,B,B,B,B,B,B,A,A,B,B,B,B,B,B,B,B,B,B,B,B,A
648,B,B,B,A,B,B,B,B,A,B,B,B,B,B,B,A,A,B,B,B,B,B,B,A,B,A,A,B,B,B,B,B,B,B,B,A,B,B,B,B
649,B,B,A,B,B,B,B,B,B,A,B,B,A,B,B,B,A,A,B,B,B,A,B,A,B,B,B,B,B,B,B,B,B,B,B,B,B,A,B,B
650,B,B,B,B,B,B,B,B,A,A,B,B,B,B,B,B,B,A,B,A,B,B,B,B,B,A,B,B,A,A,B,B,B,B,B,B,B,A,B,B
651,B,B,B,B,B,B,B,B,B,B,A,A,B,B,B,B,B,B,B,B,B,B,B,A,B,B,B,B,A,B,B,A,A,B,B,A,B,B,B,A
652,A,B,B,A,A,B,B,B,B,A,B,B,B,B,B,B,B,B,B,B,A,B,B,B,B,A,B,A,B,B,B,B,B,B,B,B,B,B,B,A
653,B,B,B,B,B,B,B,B,B,B,B,A,B,B,A,B,B,B,B,B,B,A,B,B,B,A,B,B,A,B,B,B,A,B,A,A,B,B,B,B
654,B,A,B,B,B,A,A,B,A,B,B,B,B,B,B,B,B,B,B,B,A,B,B,B,B,B,A,B,B,B,B,B,B,B,A,B,B,B,A,B
655,B,B,B,B,B,B,B,B,B,B,B,B,A,B,A,B,B,B,B,A,B,B,B,A,B,B,B,B,A,B,B,B,B,A,A,A,B,B,B,B
656,B,B,B,B,B,B,B,B,A,A,B,B,B,B,B,B,B,B,A,B,A,B,B,B,B,A,B,B,A,B,B,B,B,B,A,B,A,B,B,B
657,B,A,A,B,B,B,B,A,B,B,A,B,B,B,A,B,B,B,A,B,B,B,B,B,A,B,B,B,B,B,A,B,B,B,B,B,B,B,B,B
658,B,B,A,B,B,B,B,B,B,A,B,B,A,B,A,B,B,B,B,B,B,B,B,B,B,A,B,B,B,B,B,B,B,A,B,A,B,B,A,B
659,A,B,B,B,B,B,B,A,B,A,B,B,B,B,B,B,B,B,B,B,A,A,B,B,A,B,B,B,B,B,A,B,B,B,B,B,B,B,A,B
660,B,B,A,B,A,B,B,B,B,B,A,B,B,B,B,B,B,B,B,B,B,B,A,A,B,B,B,B,B,B,B,B,B,B,A,B,B,A,A,B
661,B,A,B,B,B,A,A,B,B,A,A,B,B,B,A,B,B,B,B,B,B,B,B,B,B,B,B,B,B,B,B,B,B,B,A,B,A,B,B,B
662,A,B,A,B,B,B,B,B,A,A,B,B,A,A,B,B,B,B,B,B,B,B,B,B,B,B,B,B,B,B,B,B,B,B,A,B,A,B,B,B
663,B,B,B,B,A,B,B,A,A,B,B,A,B,A,B,B,A,B,B,B,A,B,B,A,B,B,B,B,B,B,B,B,B,B,B,B,B,B,B,B
664,A,B,B,B,B,B,A,B,B,B,B,B,B,B,B,B,B,A,B,B,B,A,B,A,B,B,B,A,B,B,B,A,B,B,B,B,B,B,B,A
665,B,A,B,B,B,B,B,B,B,B,B,B,B,B,B,B,A,B,B,B,B,B,A,B,B,B,B,A,B,A,B,B,A,A,B,A,B,B,B,B
666,B,B,A,A,B,B,A,B,B,B,B,A,B,A,B,B,B,B,B,B,A,B,B,B,B,A,B,B,B,B,B,B,B,B,A,B,B,B,B,B
667,B,B,B,A,B,B,A,B,A,B,B,B,B,B,A,B,B,B,A,B,B,B,A,B,B,B,B,B,A,B,B,B,B,B,B,A,B,B,B,B
668,B,A,A,B,A,B,B,B,B,B,B,B,B,B,A,A,B,A,B,B,A,B,B,A,B,B,B,B,B,B,B,B,B,B,B,B,B,B,B,B
669,B,B,A,B,A,B,A,B,B,B,B,B,B,B,B,B,B,B,B,B,B,B,B,A,B,B,A,A,B,B,B,B,B,B,A,B,B,A,B,B
670,B,B,B,B,B,B,B,B,B,B,B,A,B,B,B,B,B,B,A,A,B,B,A,B,B,B,A,B,B,B,B,B,B,A,B,A,B,A,B,B
671,B,B,B,B,B,B,B,A,B,B,B,B,A,A,B,B,B,B,B,B,B,A,A,A,B,B,B,B,B,A,B,B,B,B,B,B,B,B,A,B
672,B,B,A,A,B,B,B,B,A,B,B,B,B,A,B,B,B,A,B,B,B,B,B,A,B,A,B,B,B,B,B,B,A,B,B,B,B,B,B,B
673,A,B,B,B,B,B,B,A,B,B,B,B,B,B,B,B,B,B,A,B,B,B,B,B,B,B,B,B,A,B,B,A,A,B,B,B,A,B,B,A
674,A,A,B,B,B,B,A,B,A,A,B,B,B,B,B,B,A,B,A,B,B,B,B,B,B,B,B,B,B,B,A,B,B,B,B,B,B,B,B,B
675,B,B,B,B,B,B,B,A,B,B,B,B,B,B,B,B,B,A,B,A,A,A,B,B,B,B,B,A,B,B,A,A,B,B,B,B,B,B,B,B
676,A,B,B,B,B,B,B,B,B,B,B,B,A,A,A,B,B,B,B,B,B,B,B,B,A,B,B,B,B,B,A,B,A,B,B,B,B,B,B,A
677,A,B,A,B,A,B,B,B,A,B,B,A,B,B,B,B,B,B,B,B,B,A,B,B,B,B,B,B,B,B,B,B,B,B,A,B,B,B,B,A
678,A,B,B,A,B,B,B,B,B,A,A,B,B,B,A,B,B,B,B,B,B,B,B,B,B,A,B,B,B,A,B,B,B,B,B,B,B,B,B,A
679,B,B,B,B,B,A,B,B,B,B,B,B,B,B,A,A,B,B,B,A,B,B,B,B,B,B,B,B,B,A,B,A,B,B,B,A,B,B,B,A
680,B,B,B,B,B,B,B,B,B,B,B,B,B,A,B,B,B,B,B,B,A,A,B,B,B,A,B,A,A,B,A,B,B,B,B,B,B,B,B,A
681,B,B,B,A,B,B,B,B,B,B,A,B,A,B,B,B,B,A,B,B,A,B,A,B,B,B,B,A,A,B,B,B,B,B,B,B,B,B,B,B
682,B,B,B,B,B,B,B,B,B,B,B,B,B,B,B,B,B,B,A,A,A,B,B,A,B,B,B,B,A,B,B,B,A,B,B,B,A,B,B,A
683,B,B,B,A,B,B,B,B,B,B,B,A,B,B,B,B,B,B,B,A,A,B,B,B,A,B,B,A,B,B,B,B,B,B,A,A,B,B,B,B
684,B,A,B,B,B,A,B,B,B,B,A,A,B,A,B,B,A,B,B,B,B,B,B,B,B,B,B,B,B,B,B,B,B,A,A,B,B,B,B,B
685,A,B,B,B,B,B,B,A,B,A,B,B,B,B,B,B,B,B,A,B,B,B,B,B,A,A,B,A,B,B,A,B,B,B,B,B,B,B,B,B
686,A,B,B,B,B,B,B,B,B,B,B,A,A,B,B,B,B,B,B,B,B,A,B,A,B,A,A,B,A,B,B,B,B,B,B,B,B,B,B,B
687,B,B,B,A,B,B,B,B,B,B,B,B,B,A,B,A,B,A,B,B,B,A,B,B,A,B,B,A,B,B,A,B,B,B,B,B,B,B,B,B
688,B,B,B,B,B,B,A,B,B,B,B,A,B,B,A,B,B,A,A,A,B,B,B,B,B,B,A,B,B,B,B,B,B,B,B,B,B,A,B,B
689,A,B,B,B,A,B,B,B,B,B,B,B,A,B,B,B,B,B,B,A,B,B,B,B,B,A,B,A,B,B,A,B,A,B,B,B,B,B,B,B
690,B,B,B,B,B,B,B,A,B,B,B,B,B,A,B,B,B,B,B,B,B,B,B,B,B,B,B,A,B,B,A,B,B,B,A,A,A,A,B,B
691,A,A,B,B,B,B,B,B,B,B,A,B,B,B,B,B,B,A,B,B,A,B,B,B,B,B,A,B,A,B,A,B,B,B,B,B,B,B,B,B
692,A,B,A,B,B,B,B,B,B,B,B,B,B,A,B,B,B,B,B,B,B,A,B,B,A,A,B,B,B,A,B,B,B,B,B,B,A,B,B,B
693,B,B,B,B,B,B,B,B,B,B,B,B,B,B,B,B,A,B,B,B,B,B,B,B,A,B,A,B,B,B,B,B,A,A,A,A,B,B,A,B
694,B,B,A,B,B,B,A,B,A,B,A,B,B,B,B,B,B,B,B,A,B,A,B,B,B,A,B,A,B,B,B,B,B,B,B,B,B,B,B,B
695,B,B,B,A,B,B,B,B,B,B,B,A,B,B,B,B,B,B,B,B,A,B,B,B,B,B,A,B,B,A,A,B,B,B,B,B,A,B,A,B
696,B,B,B,B,B,A,B,B,B,B,A,B,B,B,B,B,A,B,B,B,B,B,B,B,A,B,B,A,B,B,B,B,A,A,B,B,B,B,B,A
697,B,B,A,A,B,B,B,A,A,B,A,B,B,B,B,A,B,B,A,B,B,B,B,B,A,B,B,B,B,B,B,B,B,B,B,B,B,B,B,B
698,B,B,B,B,B,A,B,B,A,B,A,B,B,B,B,B,B,B,B,B,B,B,B,B,B,A,A,B,B,B,B,B,B,B,B,B,B,A,A,A
699,A,B,B,B,B,B,B,B,B,B,B,A,B,B,A,B,A,B,B,B,A,A,B,B,A,B,B,B,B,B,B,B,B,B,A,B,B,B,B,B
700,B,B,A,A,B,B,B,B,A,B,B,B,B,B,B,B,A,B,B,A,B,B,B,B,B,A,B,B,B,B,B,B,A,A,B,B,B,B,B,B
701,A,B,B,B,B,A,B,B,B,B,B,B,A,B,A,B,B,B,A,B,B,B,B,B,B,A,A,B,B,A,B,B,B,B,B,B,B,B,B,B
702,B,B,A,A,B,B,B,B,B,B,B,A,B,B,A,A,B,B,B,B,B,A,B,B,B,B,B,A,B,B,B,B,B,A,B,B,B,B,B,B
703,B,B,B,B,A,B,B,A,A,B,B,B,B,A,B,A,B,B,B,B,B,B,A,B,B,B,B,B,B,B,A,B,B,B,A,B,B,B,B,B
704,B,B,B,A,B,A,B,B,B,B,B,B,B,B,B,B,A,B,A,B,B,B,A,B,B,B,B,B,A,B,B,B,A,B,B,B,B,B,A,B
705,B,B,B,B,B,B,B,B,A,B,B,B,B,B,B,B,B,B,B,B,B,B,B,A,B,A,A,A,A,A,B,B,A,B,B,B,B,B,B,B
706,A,B,B,B,B,B,B,B,B,B,A,A,A,A,B,B,B,B,B,B,B,B,B,B,B,B,B,A,A,B,B,B,B,B,B,B,A,B,B,B
707,B,B,B,B,B,A,A,B,B,B,A,A,B,B,A,B,B,B,B,B,B,B,B,A,B,B,B,B,B,B,B,B,B,B,A,B,B,A,B,B
708,B,B,A,B,B,B,B,B,B,A,A,B,A,B,B,B,B,B,B,B,B,B,B,B,A,B,B,B,B,B,B,A,A,B,B,B,A,B,B,B
709,B,B,B,B,B,A,B,B,A,A,B,A,A,B,B,A,B,B,B,B,B,A,B,B,B,A,B,B,B,B,B,B,B,B,B,B,B,B,B,B
710,A,A,B,B,B,B,B,B,B,B,B,B,B,B,B,B,B,A,B,A,B,B,B,B,B,B,A,B,B,A,B,A,B,B,B,B,B,A,B,B
711,A,B,B,B,B,B,B,B,B,B,B,B,B,B,B,A,B,A,B,B,A,B,B,A,B,B,B,A,B,B,B,B,B,B,A,B,B,A,B,B
712,B,A,B,B,A,B,B,B,B,A,A,B,B,B,B,B,B,B,A,B,B,B,A,B,B,B,B,A,B,B,B,B,B,B,B,B,A,B,B,B
713,B,A,B,B,B,A,B,B,B,B,B,B,A,B,B,B,B,B,B,B,A,B,B,B,B,B,B,B,B,A,A,B,B,B,A,A,B,B,B,B
714,B,A,B,B,B,A,B,A,A,A,B,B,B,B,B,B,B,B,B,B,B,B,B,B,A,B,B,B,B,B,B,B,B,B,A,B,B,B,B,A
715,B,A,B,B,B,B,A,B,A,B,B,B,A,B,B,A,B,B,B,B,A,B,B,B,B,B,B,B,B,B,B,B,B,A,B,B,B,B,A,B
716,B,B,B,A,B,A,B,B,A,A,B,B,A,B,B,B,B,B,B,B,A,B,B,B,B,B,B,B,B,B,B,B,B,B,B,B,A,B,A,B
717,A,B,B,B,B,B,B,B,B,B,A,B,A,B,B,B,A,A,B,A,B,B,B,B,A,B,B,B,B,B,B,B,A,B,B,B,B,B,B,B
718,B,B,A,B,B,B,A,B,B,B,B,B,B,B,B,B,B,B,A,B,B,A,B,A,B,B,A,B,B,A,B,B,B,A,B,B,B,B,B,B
719,B,B,B,B,B,A,B,A,A,B,B,B,B,B,B,B,B,B,B,B,B,B,A,B,A,B,A,B,B,B,B,A,B,B,B,B,A,B,B,B
720,B,B,B,B,B,B,B,A,B,A,B,B,B,B,B,B,B,B,B,B,B,A,B,B,A,B,B,B,B,B,A,B,A,B,A,B,B,A,B,B
721,B,B,B,B,B,A,B,B,A,B,B,B,B,B,B,B,B,A,B,A,B,B,B,A,A,B,B,B,B,B,B,A,B,B,B,B,A,B,B,B
722,B,B,A,B,B,B,B,B,B,B,B,B,B,B,B,B,B,A,B,A,B,B,B,A,B,B,A,B,B,A,A,B,B,B,B,B,B,A,B,B
723,B,B,B,B,B,B,A,B,B,B,A,B,A,A,B,B,B,B,B,B,B,B,B,B,B,B,B,B,A,B,B,B,B,A,B,B,A,A,B,B
724,B,B,B,B,B,B,A,A,B,A,B,B,A,B,B,B,B,A,B,B,B,B,B,B,B,B,B,A,B,B,B,A,A,B,B,B,B,B,B,B
725,B,B,B,A,A,A,B,A,B,B,B,B,A,B,B,A,A,B,B,B,B,B,B,B,B,B,B,B,A,B,B,B,B,B,B,B,B,B,B,B
726,A,B,A,A,B,B,B,A,A,B,B,B,B,B,B,B,B,B,B,B,B,B,B,A,B,B,B,A,B,B,B,B,B,B,B,B,A,B,B,B
727,B,B,B,B,A,B,B,B,B,A,B,B,A,B,B,B,A,A,B,B,B,B,A,B,B,B,B,B,B,B,B,B,B,B,B,A,B,B,A,B
728,B,A,B,B,B,B,A,B,A,A,B,B,B,B,A,B,A,B,B,B,B,B,B,B,B,B,B,B,B,B,B,A,B,B,B,B,A,B,B,B
729,B,B,B,B,B,B,B,A,B,B,B,B,B,A,A,B,B,B,A,B,B,A,B,A,B,B,B,B,B,B,B,A,B,B,B,B,B,A,B,B
730,B,B,B,B,B,B,A,A,B,B,B,B,B,A,A,B,B,A,B,B,B,B,B,B,A,B,B,B,B,B,A,B,B,B,B,A,B,B,B,B
731,B,B,A,B,B,B,B,A,B,A,B,B,B,B,B,B,B,B,B,B,B,B,A,B,B,A,B,B,A,A,B,B,B,B,B,B,B,A,B,B
732,A,B,B,A,B,B,B,B,A,B,B,B,B,B,A,B,B,B,B,B,B,B,A,B,B,B,B,B,B,B,A,B,B,A,A,B,B,B,B,B
733,B,A,B,B,B,A,B,B,B,B,B,B,A,B,B,B,B,B,B,B,A,B,B,A,A,A,B,B,B,B,B,B,B,A,B,B,B,B,B,B
734,A,B,B,A,B,A,B,A,B,B,A,B,B,B,B,B,A,B,B,B,A,B,B,B,B,A,B,B,B,B,B,B,B,B,B,B,B,B,B,B
735,B,B,B,A,B,B,B,A,B,A,B,B,B,B,B,B,B,B,A,B,A,B,B,B,B,B,A,B,B,B,B,B,A,B,B,B,B,B,A,B
736,B,A,B,B,B,B,A,A,B,B,B,A,B,B,B,B,A,A,B,B,A,B,B,B,B,B,B,B,A,B,B,B,B,B,B,B,B,B,B,B
737,B,B,B,B,B,B,B,B,B,A,B,B,A,B,B,A,A,B,A,A,B,B,B,B,B,A,B,B,B,B,B,B,B,B,B,B,A,B,B,B
738,B,B,A,B,B,B,B,B,B,B,A,B,B,B,B,A,B,A,B,A,B,A,B,B,B,A,B,A,B,B,B,B,B,B,B,B,B,B,B,B
739,B,B,A,B,B,B,B,B,B,B,B,B,A,A,B,A,B,B,B,B,B,B,B,B,B,B,B,B,B,B,A,A,A,B,B,A,B,B,B,B
740,A,B,A,B,B,A,B,B,B,B,A,B,B,B,B,A,B,B,B,B,A,B,B,B,B,B,A,B,B,B,B,B,B,B,B,B,B,A,B,B
741,A,B,B,B,A,B,B,B,A,B,B,A,B,B,B,B,B,B,A,A,B,B,B,B,B,B,B,B,B,A,B,B,B,B,B,B,B,A,B,B
742,B,B,B,A,B,B,B,A,B,B,B,B,B,B,B,B,A,B,A,B,A,B,B,B,B,B,B,B,A,B,A,B,B,B,B,B,A,B,B,B
743,A,B,B,A,B,A,B,B,B,B,B,B,B,B,B,B,B,A,B,B,B,A,B,A,B,B,B,B,B,B,A,B,B,B,B,B,A,B,B,B
744,B,A,B,B,B,B,B,B,A,B,B,A,B,B,B,B,B,B,B,B,A,B,A,B,B,B,B,A,A,B,B,B,B,B,B,B,B,A,B,B
745,B,B,B,B,A,A,B,B,B,A,B,B,B,B,B,B,B,B,A,B,B,A,B,B,B,B,B,A,B,B,A,B,B,B,B,B,A,B,B,B
746,B,B,B,A,B,A,B,B,B,A,B,B,A,B,B,A,B,B,B,A,A,B,B,B,B,B,B,B,B,B,B,B,A,B,B,B,B,B,B,B
747,A,A,A,B,B,A,B,B,B,B,B,B,B,B,B,B,B,B,A,A,B,B,B,B,B,B,B,B,A,B,B,B,B,B,B,B,A,B,B,B
748,B,B,B,B,B,B,B,B,B,B,B,B,A,B,B,B,B,B,A,A,B,B,B,B,B,A,B,B,B,A,B,A,B,B,A,B,B,B,A,B
749,B,B,B,B,B,B,A,B,B,B,B,A,A,B,B,B,B,B,B,B,B,B,A,B,B,B,A,B,B,B,B,B,B,B,A,B,B,A,A,B
750,B,B,B,A,B,B,A,B,B,B,B,B,A,B,B,B,B,B,B,A,B,B,B,B,A,B,B,B,B,B,B,B,B,A,B,A,A,B,B,B
751,B,B,B,B,B,B,B,A,B,B,B,A,B,B,B,B,B,A,B,B,B,B,A,B,B,B,B,B,B,B,B,B,B,B,B,A,A,B,A,A
752,B,B,B,B,B,B,B,A,B,B,B,B,B,B,B,A,B,B,B,B,B,A,B,B,B,B,B,B,B,B,A,A,B,B,B,A,A,B,A,B
753,B,B,B,A,B,B,A,A,B,B,B,A,B,B,B,B,A,B,B,B,A,B,B,B,B,B,B,B,B,B,B,B,B,A,A,B,B,B,B,B
754,B,B,B,B,B,B,A,B,B,B,B,B,B,B,B,B,B,B,B,A,B,A,B,B,B,A,B,A,B,B,B,A,A,B,B,B,B,A,B,B
755,B,B,B,B,B,B,B,A,A,A,B,B,B,B,B,B,B,B,B,A,B,B,B,A,B,A,B,B,B,B,B,B,B,A,B,B,B,A,B,B
756,A,B,B,B,B,B,B,A,B,B,B,B,B,B,B,B,B,B,B,A,B,B,B,B,B,B,A,B,B,B,B,B,B,A,A,B,B,A,B,A
757,B,A,B,B,B,B,B,B,B,B,B,B,B,B,A,B,A,B,A,B,B,B,B,B,B,A,B,B,A,B,B,B,A,B,B,B,B,A,B,B
758,B,B,B,B,B,A,B,B,B,B,B,A,B,A,A,B,B,B,A,A,B,B,B,B,B,A,B,B,B,B,B,B,B,B,B,B,B,B,A,B
759,B,B,B,B,B,B,B,B,B,B,B,A,B,B,B,B,B,B,B,B,B,A,A,B,B,B,B,B,B,B,A,B,A,A,B,A,A,B,B,B
760,A,B,B,B,B,A,B,A,A,B,B,B,B,B,B,B,A,B,B,B,B,A,A,B,B,B,B,B,B,B,B,B,B,A,B,B,B,B,B,B
761,B,A,B,A,B,B,A,B,B,B,B,B,B,A,B,B,B,B,A,B,B,B,B,B,B,B,A,B,B,B,B,B,A,B,B,A,B,B,B,B
762,A,B,A,B,A,B,B,B,B,B,B,B,B,B,B,B,A,B,B,B,B,B,B,B,B,B,B,B,B,B,B,A,A,B,B,B,A,B,B,A
763,B,A,B,B,A,B,B,B,B,B,B,A,B,B,B,B,B,B,B,B,A,B,A,B,B,A,B,B,B,A,B,B,B,B,B,B,A,B,B,B
764,B,A,A,B,B,B,B,B,B,B,B,A,B,B,B,B,B,A,B,B,B,B,B,A,B,B,B,B,B,B,B,A,B,B,A,A,B,B,B,B
765,B,B,A,B,B,B,B,B,A,B,B,B,B,A,B,A,A,A,B,B,B,B,B,B,B,B,B,B,B,B,B,B,B,B,A,B,B,A,B,B
766,B,B,A,B,B,B,A,B,B,B,B,B,B,A,B,B,A,B,B,B,A,A,B,B,A,B,B,B,B,B,B,B,B,B,B,A,B,B,B,B
767,B,A,A,B,B,B,B,B,B,B,B,B,B,A,B,B,B,B,A,B,B,A,B,A,B,B,B,B,B,A,B,A,B,B,B,B,B,B,B,B
768,A,B,B,A,A,B,B,B,B,B,B,B,B,B,B,A,B,B,B,B,B,B,B,B,B,A,B,B,B,A,B,B,B,A,B,B,B,B,A,B
769,B,B,B,B,B,A,A,B,B,A,B,B,B,B,B,B,B,B,B,B,B,B,A,B,B,B,B,B,A,B,B,B,B,A,B,B,A,B,B,A
770,A,A,B,B,B,B,A,A,B,B,B,B,B,B,A,A,B,B,B,A,B,B,A,B,B,B,B,B,B,B,B,B,B,B,B,B,B,B,B,B
771,B,B,B,B,B,B,B,B,A,A,B,B,B,B,A,B,A,B,B,B,B,B,B,B,B,B,B,B,B,A,B,B,B,B,A,B,B,B,A,A
772,A,B,B,B,B,B,B,A,B,A,A,B,A,B,B,B,B,B,B,B,B,A,B,B,B,B,B,B,A,B,B,B,B,B,B,A,B,B,B,B
773,B,B,A,A,B,B,B,B,B,B,B,A,B,B,B,A,B,B,B,A,B,B,B,B,B,A,B,B,B,B,B,B,A,A,B,B,B,B,B,B
774,B,B,B,B,B,B,B,A,B,B,B,B,B,B,B,B,A,B,B,A,A,B,B,B,B,B,B,B,B,A,B,B,B,B,B,B,B,A,A,A
775,B,B,B,A,B,A,B,B,B,A,B,B,B,B,B,B,B,B,B,B,A,B,A,B,B,B,B,A,B,B,B,B,B,B,B,B,A,A,B,B
776,B,B,B,A,B,B,B,B,B,B,B,B,A,B,B,B,B,B,B,B,B,B,A,B,B,B,B,B,B,A,B,A,B,A,A,B,B,A,B,B
777,B,B,B,B,A,B,B,A,B,B,B,B,A,B,A,B,B,B,B,B,B,A,B,B,B,B,B,B,B,A,B,A,B,A,B,B,B,B,B,B
778,A,A,B,B,B,A,B,B,B,B,B,B,B,B,B,B,B,B,B,B,B,B,B,B,B,B,B,B,A,B,A,B,B,A,B,A,B,B,B,A
779,B,B,B,A,B,B,B,B,B,B,B,B,B,A,B,B,B,A,B,B,B,B,A,A,A,A,B,B,A,B,B,B,B,B,B,B,B,B,B,B
780,B,B,B,A,B,B,B,B,A,B,B,A,A,B,B,B,B,B,B,B,B,B,B,B,B,B,B,B,B,A,B,A,B,B,A,A,B,B,B,B
781,B,B,A,B,B,B,B,B,B,A,A,B,B,B,B,A,B,B,B,B,B,B,B,B,B,B,B,B,B,B,B,B,B,A,B,A,A,B,B,A
782,A,B,A,B,B,B,B,B,B,B,B,A,A,B,B,B,A,A,B,B,B,B,B,B,B,A,B,A,B,B,B,B,B,B,B,B,B,B,B,B
783,B,B,B,B,A,B,B,B,A,A,B,B,A,B,B,B,B,A,A,B,B,B,A,B,B,B,B,B,B,B,B,B,B,B,B,B,B,B,B,A
784,B,B,B,A,B,B,B,B,A,A,B,A,B,B,B,A,B,B,B,B,B,B,B,B,A,B,B,B,A,B,B,B,B,B,B,B,B,B,A,B
785,B,A,B,A,A,B,B,B,B,B,B,B,B,B,A,B,B,B,B,B,A,B,B,B,B,B,B,B,B,B,B,A,B,B,A,B,B,A,B,B
786,B,A,B,B,B,B,B,B,A,B,B,B,B,A,B,B,A,A,A,B,B,B,B,B,A,B,B,B,B,B,B,A,B,B,B,B,B,B,B,B
787,B,A,B,A,B,B,A,B,B,B,B,B,B,A,B,B,B,B,A,A,B,B,A,B,B,B,B,B,B,B,B,B,B,A,B,B,B,B,B,B
788,B,A,B,B,A,B,B,A,B,A,B,B,B,B,B,B,B,B,B,B,B,B,B,B,A,B,B,B,B,B,B,A,B,B,B,A,B,A,B,B
789,B,B,A,B,B,B,A,B,B,A,A,B,B,B,B,B,A,B,B,A,B,B,B,B,B,B,B,B,A,B,B,B,B,A,B,B,B,B,B,B
790,A,A,B,B,B,B,A,B,B,B,B,B,B,B,B,B,B,A,A,B,B,B,B,A,B,B,A,B,B,B,B,B,B,B,B,B,B,B,B,A
791,A,A,B,A,A,B,B,B,A,B,B,B,B,B,B,B,B,A,B,A,B,B,B,B,B,B,A,B,B,B,B,B,B,B,B,B,B,B,B,B
792,B,B,B,B,B,B,B,B,A,B,B,B,B,B,A,B,A,B,B,B,A,B,B,A,B,B,A,B,B,B,B,B,B,A,B,B,B,A,B,B
793,B,A,B,A,B,B,B,B,B,B,B,B,A,B,B,B,B,B,B,B,B,A,A,B,B,B,B,B,A,B,B,B,B,B,B,B,B,A,A,B
794,B,B,B,B,B,B,B,B,B,B,A,B,B,A,B,A,A,B,A,B,A,B,B,B,B,B,B,B,B,B,B,B,A,A,B,B,B,B,B,B
795,B,B,B,B,B,A,A,B,B,B,A,B,B,B,A,B,B,B,B,B,B,B,B,B,B,B,B,B,A,A,B,A,B,B,B,B,B,B,B,A
796,B,B,B,A,A,A,B,B,B,B,B,B,B,B,A,B,B,B,B,B,B,B,B,B,A,A,B,B,B,B,B,A,B,B,B,B,B,B,A,B
797,B,B,B,B,A,B,B,B,B,B,B,B,A,B,B,B,B,B,B,B,B,B,B,A,B,B,B,B,B,B,B,A,A,B,A,B,A,B,A,B
798,B,A,B,A,B,B,B,B,A,A,B,B,B,B,B,B,A,B,B,B,B,B,B,B,B,B,B,B,B,A,B,B,B,B,B,B,B,B,A,A
799,B,B,B,A,A,A,B,B,A,B,B,B,B,B,B,B,A,B,B,B,B,B,B,B,B,B,B,A,B,B,B,B,B,A,B,A,B,B,B,B
800,B,B,B,B,A,B,B,B,A,B,B,B,B,B,B,B,B,B,A,B,B,A,A,B,B,A,B,B,B,B,B,B,B,B,B,A,A,B,B,B
801,B,A,B,B,B,A,B,B,B,A,B,B,B,B,B,B,A,B,A,B,A,A,B,A,B,B,B,B,B,B,B,B,B,B,B,B,B,B,B,B
802,B,B,B,B,A,B,B,B,B,B,B,B,B,B,B,B,A,A,A,B,B,B,B,B,B,B,B,B,B,A,B,A,B,B,B,B,A,B,B,A
803,A,B,B,B,A,B,B,B,A,B,A,B,B,A,B,B,A,B,B,B,B,B,B,B,B,B,B,A,B,A,B,B,B,B,B,B,B,B,B,B
804,A,B,B,B,A,B,B,B,B,B,B,B,A,B,B,B,B,B,B,B,B,B,B,A,B,B,B,B,B,B,A,A,B,B,B,B,B,B,A,A
805,B,B,B,A,B,B,A,B,A,B,B,B,B,B,A,B,B,A,B,B,B,B,B,A,B,A,B,B,B,B,B,B,B,B,B,A,B,B,B,B
806,B,B,B,B,B,B,A,A,A,A,B,B,B,B,A,A,B,B,B,B,A,B,B,B,B,B,B,B,B,B,B,B,B,B,B,B,B,B,B,A
807,B,B,B,B,A,A,B,B,B,B,B,B,B,B,B,A,B,B,A,B,B,B,B,B,B,B,B,B,B,B,A,B,B,B,B,A,B,A,A,B
808,B,B,A,A,B,B,B,B,A,B,B,B,B,B,A,B,B,B,B,B,B,B,B,B,B,A,B,B,B,B,B,B,B,A,B,B,B,A,B,A
809,A,B,B,A,B,B,B,A,B,B,B,A,B,B,B,B,B,B,B,B,B,B,A,B,A,B,B,B,B,B,B,B,B,B,A,B,B,B,A,B
810,B,B,B,B,B,A,A,B,B,A,B,B,B,A,A,B,B,B,B,A,B,B,B,B,B,A,B,B,B,B,B,B,B,B,B,B,B,B,B,A
811,B,B,B,B,B,B,B,B,B,B,A,B,B,B,B,B,A,A,B,B,B,B,A,B,B,A,B,B,B,B,A,A,B,B,B,B,B,B,B,A
812,A,A,B,B,B,A,B,B,B,B,B,A,B,B,B,B,B,B,B,B,B,B,A,B,B,B,A,A,B,B,B,B,B,B,B,B,B,B,A,B
813,A,B,B,B,B,B,B,B,B,B,A,B,A,B,B,B,B,B,B,B,B,A,B,B,B,B,A,B,B,A,A,B,B,B,B,A,B,B,B,B
814,B,B,B,A,B,A,A,B,B,B,B,B,B,B,B,B,B,A,B,B,B,B,B,B,B,B,B,B,A,B,B,B,B,A,A,B,B,B,B,A
815,B,B,B,B,B,B,B,B,B,A,B,B,B,A,B,B,B,B,B,B,B,B,B,A,B,B,B,B,B,B,B,A,A,A,A,B,B,A,B,B
816,B,A,B,A,B,B,B,A,A,B,B,B,B,B,B,A,B,A,B,B,B,B,B,B,B,B,B,B,B,B,A,B,B,B,B,B,B,B,B,A
817,A,B,B,B,B,A,B,A,B,B,A,A,B,B,B,B,B,B,B,B,B,B,A,A,B,B,B,B,B,B,B,B,B,B,B,B,B,B,A,B
818,B,B,B,B,B,B,B,A,A,B,B,B,B,B,B,B,A,B,B,B,B,B,B,B,B,B,B,A,A,B,A,B,B,B,A,B,B,B,B,A
819,B,B,B,B,A,A,B,A,B,B,B,B,B,B,B,B,A,B,B,B,B,A,A,B,B,B,A,B,A,B,B,B,B,B,B,B,B,B,B,B
820,B,B,A,A,B,B,B,B,B,B,B,B,B,B,B,A,B,A,B,B,B,A,A,B,B,A,B,B,B,A,B,B,B,B,B,B,B,B,B,B
821,B,B,A,B,A,B,B,B,B,B,B,B,B,B,B,A,A,B,B,B,B,B,B,B,B,B,B,A,B,B,B,A,B,B,A,A,B,B,B,B
822,B,A,B,A,B,B,B,B,B,A,B,B,A,A,B,B,B,B,B,B,A,B,B,B,B,B,B,B,B,B,B,A,B,B,B,A,B,B,B,B
823,B,B,A,B,A,A,B,B,B,B,B,A,B,B,B,B,B,B,B,B,A,B,B,B,A,B,B,A,B,B,B,B,B,B,B,B,B,A,B,B
824,A,B,A,B,B,B,A,B,B,B,B,B,B,B,B,B,B,B,B,A,B,B,B,B,B,A,B,B,A,B,A,B,B,B,B,A,B,B,B,B
825,B,B,B,B,A,A,B,B,B,B,B,A,B,B,B,B,A,B,B,B,B,B,A,B,B,B,B,A,A,B,B,B,B,B,A,B,B,B,B,B
826,A,B,A,B,A,A,B,B,A,B,B,B,B,B,B,A,B,B,B,A,B,B,B,B,B,B,B,B,B,B,B,B,B,B,B,B,B,B,B,A
827,A,B,B,B,B,B,B,B,B,B,A,B,B,B,A,A,A,B,B,B,B,B,B,B,B,B,B,B,A,B,B,B,B,B,B,A,B,B,B,A
828,B,B,B,A,A,A,B,B,B,B,A,B,B,B,B,B,B,B,B,B,B,B,B,B,B,B,A,B,B,B,A,B,A,B,B,B,B,B,B,A
829,B,A,B,B,B,A,B,B,B,B,B,B,A,B,B,B,B,B,B,B,B,B,B,B,B,B,A,B,B,B,B,A,B,A,B,B,A,A,B,B
830,B,B,A,A,B,B,B,A,A,B,B,B,B,B,B,B,B,B,A,B,B,B,B,B,A,B,B,B,B,B,B,B,B,B,B,A,A,B,B,B
831,A,A,B,B,A,B,B,B,B,B,B,B,B,B,B,B,B,B,B,A,B,B,B,B,B,A,A,B,B,A,B,B,B,B,B,B,B,B,A,B
832,B,B,B,B,A,B,A,B,B,B,B,B,B,B,B,B,B,B,B,B,A,B,B,A,B,B,A,A,B,A,B,B,B,B,A,B,B,B,B,B
833,B,B,B,B,B,B,B,B,B,A,B,B,B,B,A,B,B,B,B,B,B,B,B,B,B,A,B,A,A,B,B,B,B,A,A,B,B,B,B,A
834,B,B,B,B,B,B,B,B,B,B,B,B,B,B,B,B,B,B,B,A,B,B,B,B,B,B,B,B,B,B,B,A,B,A,A,A,A,A,A,B
835,B,A,B,B,B,B,B,B,B,B,A,B,B,B,B,A,B,B,B,B,B,B,B,B,B,B,A,B,B,B,A,A,A,B,B,B,A,B,B,B
836,B,B,B,B,B,A,A,B,A,A,B,B,B,B,B,A,B,B,B,A,A,B,B,B,B,B,B,B,B,B,B,B,B,B,B,B,B,B,A,B
837,B,B,A,A,B,B,B,B,B,B,B,B,B,B,B,B,A,A,B,A,B,B,B,B,B,B,B,A,A,B,B,B,B,B,A,B,B,B,B,B
838,B,B,B,B,B,B,B,B,B,B,A,B,A,B,B,B,B,B,A,B,B,B,B,B,B,B,A,B,B,B,B,B,A,B,B,B,A,A,A,B
839,B,B,A,B,B,A,B,B,A,B,A,B,B,B,B,B,B,B,B,B,A,A,B,B,B,B,B,A,B,A,B,B,B,B,B,B,B,B,B,B
840,A,B,B,A,A,B,B,B,B,B,B,B,B,A,A,B,B,B,B,B,B,A,A,B,B,A,B,B,B,B,B,B,B,B,B,B,B,B,B,B
841,B,B,B,B,B,B,A,B,A,B,A,A,B,B,B,B,B,B,B,B,B,B,B,A,B,A,B,B,B,A,B,B,B,B,B,B,A,B,B,B
842,B,A,A,B,B,B,A,B,B,B,B,B,B,B,B,A,B,B,B,B,B,B,A,B,B,B,B,B,A,B,B,B,B,A,B,A,B,B,B,B
843,B,B,B,A,B,B,B,B,A,B,B,A,B,B,B,A,B,B,B,B,B,B,B,A,A,B,B,B,B,B,B,B,B,B,B,A,B,B,B,A
844,B,B,B,B,A,B,A,B,B,B,B,B,B,B,A,B,B,A,A,B,B,B,B,B,B,B,B,B,A,A,B,A,B,B,B,B,B,B,B,B
845,A,B,B,B,B,B,B,B,A,A,B,B,B,A,B,B,B,B,B,B,B,B,A,B,B,B,B,B,B,B,A,B,B,A,B,B,A,B,B,B
846,B,A,B,B,B,B,B,B,A,B,B,B,B,B,B,B,B,B,B,B,A,B,B,B,A,B,B,B,A,B,A,B,B,B,B,B,B,A,B,A
847,B,A,A,B,B,B,A,B,B,A,A,B,B,B,B,B,B,B,B,A,B,A,B,B,B,B,B,B,B,B,B,B,B,A,B,B,B,B,B,B
848,B,B,B,B,B,B,B,B,B,A,B,B,B,B,B,B,B,B,A,B,A,A,B,B,B,B,B,A,A,B,B,A,B,B,B,B,B,B,B,A
849,B,B,B,B,A,B,B,B,B,B,B,B,A,A,B,B,B,B,B,B,B,B,A,B,B,B,B,B,A,A,A,B,B,B,A,B,B,B,B,B
850,B,B,B,B,B,A,A,A,B,A,B,B,B,B,B,B,B,B,B,B,B,B,A,B,B,A,B,B,B,B,B,B,B,B,B,B,A,B,A,B
851,B,B,B,B,B,B,A,B,A,B,B,B,B,B,B,B,B,B,B,B,B,B,B,B,B,B,A,B,A,B,A,B,A,A,B,B,A,B,B,B
852,B,A,B,B,B,B,B,A,B,B,B,B,B,B,B,B,B,B,B,B,B,A,B,B,B,A,B,B,B,B,B,B,A,A,A,B,B,B,B,A
853,B,B,B,B,A,B,B,B,B,A,B,B,B,A,B,B,B,B,A,B,B,B,B,A,B,B,B,B,A,B,B,A,B,A,B,B,B,B,B,B
854,B,A,B,B,B,B,B,A,B,B,B,B,A,B,B,B,B,B,B,A,A,B,A,B,B,B,B,B,B,B,B,B,B,B,B,B,B,A,B,A
855,B,B,A,A,B,B,B,B,B,B,B,A,B,A,B,B,A,B,B,B,B,B,B,B,B,B,B,B,B,B,A,B,A,B,B,B,B,B,A,B
856,A,A,B,B,B,B,B,A,B,B,B,B,B,B,B,B,A,B,B,B,B,B,B,A,B,A,B,B,B,B,B,A,B,A,B,B,B,B,B,B
857,B,B,B,B,B,B,A,B,B,B,B,A,B,A,B,B,B,B,B,B,B,B,B,B,B,A,A,B,B,A,B,B,B,A,B,B,B,B,B,A
858,B,B,A,B,B,A,B,A,B,B,B,A,B,B,A,B,A,B,B,B,B,B,B,B,B,B,B,B,B,B,B,B,B,B,B,B,A,B,B,A
859,B,B,B,B,A,B,B,A,B,B,B,B,B,B,B,A,B,B,B,B,B,B,B,B,B,B,B,B,A,B,B,B,A,B,A,A,B,B,A,B
860,B,B,B,B,B,B,B,A,B,B,B,A,B,B,B,B,B,B,B,B,B,B,A,B,B,B,B,B,A,B,A,A,B,B,A,B,B,A,B,B
861,A,A,A,B,B,B,B,B,B,B,B,B,B,B,B,B,A,B,B,B,B,B,A,B,B,B,B,A,B,B,B,B,B,B,B,B,A,B,B,A
862,B,B,B,A,A,B,B,B,B,B,B,B,B,B,B,B,B,A,B,B,A,A,A,B,A,B,B,B,B,A,B,B,B,B,B,B,B,B,B,B
863,B,A,B,B,B,B,A,B,B,B,A,B,A,B,B,B,B,B,B,B,B,B,A,A,B,B,B,B,B,B,B,B,B,A,B,B,B,B,B,A
864,B,B,B,B,A,B,A,B,A,B,B,A,B,B,B,A,A,B,B,A,B,B,A,B,B,B,B,B,B,B,B,B,B,B,B,B,B,B,B,B
865,B,A,B,B,B,B,B,A,B,B,A,B,B,B,B,B,B,A,A,B,B,A,B,B,B,B,B,B,B,B,A,B,B,A,B,B,B,B,B,B
866,B,B,B,B,B,B,A,B,B,B,A,B,B,B,B,B,A,B,B,B,B,A,B,A,B,B,B,B,B,A,B,A,B,B,A,B,B,B,B,B
867,A,B,B,B,B,B,B,B,B,B,B,B,B,A,B,A,B,A,B,B,B,B,A,B,A,B,B,B,B,B,B,A,B,A,B,B,B,B,B,B
868,B,B,A,B,B,A,B,A,B,A,B,B,B,B,B,B,B,B,B,B,B,B,B,B,A,B,B,B,A,A,A,B,B,B,B,B,B,B,B,B
869,B,B,B,B,B,B,B,B,B,B,B,A,B,B,B,B,B,A,A,A,B,A,B,B,B,B,A,A,B,B,B,A,B,B,B,B,B,B,B,B
870,A,B,B,B,B,B,A,B,B,B,B,A,B,B,B,B,A,B,B,B,B,B,A,B,A,B,B,B,B,A,B,B,B,B,B,B,B,A,B,B
871,B,B,A,A,B,B,B,B,B,A,B,A,B,A,B,A,B,B,B,B,B,B,B,B,A,B,B,A,B,B,B,B,B,B,B,B,B,B,B,B
872,B,B,B,B,B,B,B,B,B,B,B,B,A,B,B,B,A,B,B,B,B,A,B,B,A,A,B,A,B,B,A,B,B,B,B,B,A,B,B,B
873,B,B,A,B,B,B,B,B,B,B,B,A,B,B,A,B,A,B,B,A,B,B,B,A,B,B,B,B,B,B,B,A,B,B,B,B,A,B,B,B
874,A,B,B,A,A,B,A,B,B,B,B,B,A,B,B,B,B,B,B,B,B,B,B,B,B,B,B,A,B,A,B,B,B,B,B,B,B,A,B,B
875,A,B,B,B,B,B,B,B,B,B,B,B,B,A,B,B,B,B,B,B,A,A,B,B,A,B,B,B,B,B,A,B,A,B,B,B,B,B,B,A
876,A,B,B,B,A,A,B,B,B,B,A,B,B,B,A,B,B,B,B,B,B,B,B,B,B,B,B,A,A,B,B,A,B,B,B,B,B,B,B,B
877,B,B,B,B,B,B,B,B,B,B,A,B,A,B,B,B,B,A,A,A,B,B,B,B,B,B,A,B,B,A,B,B,B,B,B,B,A,B,B,B
878,B,B,B,A,A,B,B,B,B,B,B,A,B,B,A,B,B,A,B,B,B,A,B,B,B,B,A,A,B,B,B,B,B,B,B,B,B,B,B,B
879,B,B,B,B,B,B,B,A,B,B,B,A,B,B,B,B,B,A,B,B,B,B,B,B,B,B,A,B,B,B,B,A,A,B,B,A,A,B,B,B
880,A,B,A,B,B,B,B,A,A,B,B,B,A,B,B,B,B,B,B,A,B,B,A,B,B,B,B,B,B,B,B,B,B,B,B,B,B,A,B,B
881,B,B,B,B,B,B,B,A,B,A,B,B,B,B,B,B,B,B,A,B,B,B,B,B,A,A,B,B,B,B,B,B,B,A,B,B,A,A,B,B
882,B,B,B,A,B,B,B,B,A,B,A,B,A,B,B,B,B,B,B,A,B,B,B,B,B,A,B,B,B,A,B,B,B,B,B,B,A,B,B,B
883,B,B,B,A,B,A,B,B,B,B,B,B,B,A,B,B,A,A,B,B,B,A,B,B,B,B,B,B,B,B,A,B,B,B,B,B,B,B,B,A
884,B,B,B,B,B,B,B,B,B,B,A,A,A,B,B,B,B,B,B,B,B,B,B,B,B,A,B,A,B,A,A,B,B,A,B,B,B,B,B,B
885,B,A,B,B,B,B,B,B,A,A,B,B,B,B,B,B,B,B,B,A,A,B,B,B,B,A,A,B,B,B,A,B,B,B,B,B,B,B,B,B
886,B,A,A,B,A,B,B,B,B,B,B,B,B,A,B,B,A,B,B,B,B,B,B,B,A,B,B,B,B,B,B,B,A,A,B,B,B,B,B,B
887,B,B,B,B,B,B,A,A,A,B,B,B,B,B,B,B,B,B,A,A,B,B,B,B,A,A,B,B,B,B,B,B,B,B,B,B,A,B,B,B
888,B,B,B,A,A,B,B,B,B,B,B,A,B,B,B,A,B,B,A,B,B,B,B,B,B,A,B,B,B,B,B,B,B,B,B,A,B,B,B,A
889,B,B,B,B,B,B,B,A,B,B,A,B,A,B,A,B,B,B,A,B,B,A,B,B,A,A,B,B,B,B,B,B,B,B,B,B,B,B,B,B
890,B,B,B,B,A,A,A,B,B,B,B,B,B,B,B,A,B,B,B,A,B,A,B,B,B,B,B,B,B,B,B,B,A,B,B,B,B,B,A,B
891,B,B,B,B,B,B,B,B,B,B,A,B,B,A,B,B,A,B,A,B,B,A,B,B,B,A,B,B,B,B,A,B,B,B,B,B,B,B,B,A
892,B,A,B,B,B,B,B,B,B,B,B,A,B,B,A,A,B,B,B,B,B,B,B,B,A,A,B,B,B,B,B,B,B,A,A,B,B,B,B,B
893,B,B,B,B,A,B,B,B,B,B,B,B,A,B,B,B,B,B,B,A,A,A,B,B,B,B,B,B,B,B,B,B,B,B,B,A,A,B,B,A
894,B,B,B,A,B,B,B,A,B,B,A,B,B,A,B,B,B,B,B,B,B,B,B,B,B,A,B,B,A,B,B,B,B,B,A,A,B,B,B,B
895,B,B,B,B,B,B,A,A,B,B,B,A,A,B,B,B,B,B,B,B,B,B,B,B,B,B,A,B,B,B,B,B,B,B,B,B,A,A,A,B
896,B,B,B,B,A,B,A,A,A,B,B,A,B,B,B,B,B,B,B,B,B,B,B,B,B,B,A,B,B,B,B,B,B,B,B,A,B,A,B,B
897,B,B,B,B,A,B,B,B,B,B,B,B,B,B,B,B,B,B,B,B,A,B,A,B,B,B,A,B,B,A,B,B,B,B,B,B,A,A,B,A
898,B,A,B,B,A,B,B,B,B,B,B,B,B,A,B,A,B,B,B,A,B,A,B,A,B,B,B,B,B,B,B,B,B,B,B,A,B,B,B,B
899,B,B,B,A,B,A,B,A,B,B,B,B,B,A,B,B,B,B,B,A,B,B,B,B,B,B,B,B,A,B,B,A,A,B,B,B,B,B,B,B
900,B,A,B,B,B,B,A,B,B,B,B,B,B,A,B,B,A,B,B,A,B,A,B,B,A,B,B,B,B,B,B,B,B,B,A,B,B,B,B,B
901,B,B,B,B,B,B,B,B,B,B,A,B,B,B,B,B,A,A,B,B,A,B,B,A,A,B,B,B,B,B,B,A,B,B,B,B,B,B,B,A
902,B,B,B,A,A,B,B,A,B,B,B,B,B,A,B,B,B,B,B,B,B,A,B,B,B,B,B,A,B,B,A,B,B,B,B,B,B,B,A,B
903,B,B,B,B,B,B,B,B,B,B,A,B,B,B,A,B,B,B,A,B,B,A,B,B,A,B,B,A,B,A,A,B,B,B,B,B,B,B,B,B
904,A,A,B,B,A,B,B,B,B,B,B,B,B,B,A,B,B,B,B,B,B,B,A,A,B,B,B,B,B,B,B,B,A,B,B,B,B,A,B,B
905,B,B,A,B,B,B,B,B,B,B,B,B,B,B,A,B,B,B,A,B,B,B,B,B,B,B,A,A,A,A,B,B,B,B,B,B,A,B,B,B
906,A,B,A,B,B,B,B,B,A,B,B,B,B,A,B,A,B,B,B,B,B,B,B,B,B,B,B,B,B,B,A,A,A,B,B,B,B,B,B,B
907,B,B,B,A,B,A,B,A,B,B,B,B,B,B,A,B,B,B,B,B,B,A,B,A,B,A,B,B,B,B,B,B,B,A,B,B,B,B,B,B
908,B,B,B,B,B,B,B,B,B,A,A,B,B,B,B,A,B,A,B,A,B,B,B,B,B,B,A,B,B,B,B,A,B,B,B,A,B,B,B,B
909,B,A,B,B,B,B,B,B,B,B,B,A,B,B,B,B,B,B,B,B,B,A,B,B,A,B,B,A,B,B,B,A,B,A,A,B,B,B,B,B
910,B,A,B,B,A,B,A,B,B,A,B,B,B,B,B,B,A,B,B,A,B,B,B,B,B,B,B,B,A,A,B,B,B,B,B,B,B,B,B,B
911,B,B,B,B,A,B,B,B,B,B,B,B,B,A,A,B,B,B,B,B,B,B,B,B,A,B,B,B,B,B,A,A,B,A,B,B,A,B,B,B
912,A,B,B,B,B,A,B,B,B,B,A,A,B,A,B,B,A,B,B,A,B,B,B,B,B,B,A,B,B,B,B,B,B,B,B,B,B,B,B,B
913,B,A,B,B,B,B,B,B,B,B,B,B,B,B,A,B,B,B,B,A,B,B,B,B,B,A,B,B,B,B,B,A,B,A,B,B,B,A,B,A
914,B,B,B,B,B,B,B,B,B,B,B,B,A,A,B,A,B,B,A,B,B,B,B,B,A,B,B,B,B,B,B,B,A,A,B,A,B,B,B,B
915,B,A,B,B,B,A,B,B,B,B,B,B,B,B,B,B,B,B,B,B,A,B,B,B,A,B,A,B,B,B,A,A,B,A,B,B,B,B,B,B
916,B,A,B,A,B,B,B,B,B,B,B,B,B,B,A,B,B,B,B,B,B,B,B,B,A,A,B,B,B,B,B,B,B,A,B,A,B,B,B,A
917,B,B,B,B,B,B,B,A,B,B,B,A,A,B,B,B,B,B,B,B,B,B,B,A,B,B,B,B,A,B,B,B,B,B,A,B,B,A,B,A
918,B,B,B,B,B,B,B,B,B,B,B,A,B,B,B,A,B,A,B,B,B,B,A,B,B,B,B,B,B,B,A,B,B,A,B,B,A,B,A,B
919,B,B,B,B,A,B,B,B,B,B,B,B,B,B,A,B,B,B,B,B,B,B,B,B,A,B,A,B,B,B,A,A,A,B,B,B,B,B,B,A
920,B,B,A,B,B,B,B,A,B,B,B,B,B,B,B,A,B,B,B,B,B,B,B,B,B,A,B,B,B,B,A,A,B,B,B,A,A,B,B,B
921,B,B,B,A,B,B,B,A,B,A,B,B,B,B,A,A,A,B,B,B,B,B,B,B,B,B,B,B,B,B,A,B,B,B,B,B,A,B,B,B
922,A,A,B,B,B,B,A,B,B,B,B,B,B,B,B,B,B,B,B,B,B,A,B,B,A,B,A,B,B,A,B,B,B,B,B,A,B,B,B,B
923,B,A,B,B,B,A,B,A,B,B,A,B,B,B,A,B,B,B,B,B,B,B,B,B,B,B,B,B,B,B,A,B,B,B,B,B,A,A,B,B
924,A,B,B,B,A,B,B,B,B,B,B,A,B,B,B,B,B,B,B,B,B,B,B,B,B,B,A,B,A,B,B,B,B,A,B,B,A,B,B,A
925,B,B,B,B,B,B,B,B,B,B,B,A,A,B,B,B,A,B,B,B,B,B,B,B,B,A,B,B,B,B,B,B,B,A,B,B,A,B,A,A
926,B,A,B,B,B,B,B,B,A,B,B,B,B,B,A,B,B,B,B,A,A,B,B,A,B,B,B,B,B,B,B,B,A,A,B,B,B,B,B,B
927,B,A,B,B,B,A,A,B,B,B,B,B,B,B,A,B,B,B,B,B,A,B,A,B,B,B,A,B,B,B,B,B,B,B,A,B,B,B,B,B
928,B,B,B,A,B,B,B,B,A,B,B,B,B,A,B,B,B,B,A,B,A,A,B,B,B,A,B,B,B,B,B,B,B,B,B,B,B,A,B,B
929,B,B,B,B,A,B,B,B,B,B,A,B,B,B,B,B,B,B,B,B,A,B,B,A,B,A,B,B,B,B,A,B,A,B,B,B,A,B,B,B
930,A,A,B,B,B,B,B,B,B,B,B,A,B,B,B,B,B,B,B,B,B,B,B,B,B,A,A,B,B,B,B,A,B,B,B,B,A,A,B,B
931,B,A,B,B,B,B,B,A,B,B,B,B,B,B,B,B,B,B,A,B,B,A,B,B,B,B,B,B,A,B,B,A,B,B,B,A,A,B,B,B
932,B,B,B,B,A,B,B,A,A,B,A,B,B,B,B,A,B,B,A,B,B,B,B,B,B,B,B,B,B,A,B,B,B,B,A,B,B,B,B,B
933,B,B,A,A,A,B,A,B,A,B,A,B,B,B,B,B,B,B,B,B,B,B,B,B,B,B,B,B,B,B,B,A,B,A,B,B,B,B,B,B
934,A,B,A,B,A,B,B,B,B,B,B,B,A,B,B,A,A,A,B,B,A,B,B,B,B,B,B,B,B,B,B,B,B,B,B,B,B,B,B,B
935,B,B,B,A,B,B,B,B,B,B,B,A,B,B,B,B,B,B,B,B,B,A,A,B,B,B,B,B,B,A,B,A,B,B,B,B,B,A,A,B
936,A,B,B,B,A,B,B,B,B,A,B,B,B,B,B,B,B,B,A,B,B,A,B,B,B,A,B,B,A,B,B,B,B,B,B,B,A,B,B,B
937,B,B,B,B,B,B,B,B,A,A,B,B,B,B,B,A,B,A,A,B,B,B,B,B,B,B,B,B,B,B,B,B,B,B,A,B,B,B,A,A
938,A,B,A,B,B,B,B,B,B,B,B,B,B,A,B,A,B,B,B,B,B,A,B,B,A,B,B,B,B,A,B,A,B,B,B,B,B,B,B,B
939,B,B,B,A,B,A,B,B,B,A,B,B,B,B,B,B,B,A,A,B,B,A,B,B,A,B,B,B,B,B,A,B,B,B,B,B,B,B,B,B
940,B,B,B,B,B,A,B,B,B,B,A,B,A,B,B,A,B,A,B,B,B,B,B,B,A,B,B,B,B,B,B,B,B,B,A,B,B,A,B,B
941,B,B,B,B,B,B,A,A,B,B,B,B,A,B,B,A,A,B,B,A,B,B,B,B,B,B,B,B,B,B,A,B,B,B,B,B,B,B,A,B
942,B,B,B,B,B,A,B,B,A,B,B,B,B,B,B,B,B,B,A,B,A,B,B,A,B,A,B,A,B,B,B,B,A,B,B,B,B,B,B,B
943,B,B,A,B,B,B,B,A,B,B,B,A,B,B,B,B,B,B,B,A,A,B,B,B,A,B,A,B,B,B,B,B,B,B,A,B,B,B,B,B
944,B,B,A,B,B,A,B,B,B,B,B,A,B,A,B,B,B,B,B,B,B,B,B,A,B,B,A,B,A,B,B,B,B,B,A,B,B,B,B,B
945,A,B,A,B,B,B,B,B,A,B,A,B,B,A,B,B,B,B,B,B,B,B,B,B,B,B,A,B,A,B,B,B,B,B,B,B,B,B,B,A
946,B,B,B,B,B,B,B,B,B,B,B,B,B,B,B,B,B,A,B,A,B,B,A,A,A,A,B,B,B,B,B,B,B,B,B,A,B,B,A,B
947,B,B,B,A,B,B,A,B,B,B,B,A,B,B,B,B,A,B,B,B,B,B,B,B,B,B,B,B,B,B,B,B,A,B,A,B,B,B,A,A
948,A,A,A,B,B,B,B,B,B,B,B,B,B,B,A,A,B,B,B,A,B,B,B,B,B,B,B,B,B,B,B,B,A,B,B,B,B,B,A,B
949,B,B,A,B,B,B,B,B,A,B,B,B,B,B,B,B,A,A,B,B,B,B,B,A,B,B,B,A,B,B,B,B,A,B,B,B,B,B,A,B
950,A,A,B,B,B,A,B,B,B,A,B,A,B,B,B,B,B,B,B,B,B,B,B,B,A,B,B,B,B,A,B,B,B,B,B,B,A,B,B,B
951,B,B,B,B,A,A,B,B,B,B,B,B,A,B,B,B,B,B,B,B,A,B,B,B,B,B,B,B,B,B,B,B,A,B,B,A,B,A,A,B
952,A,B,A,B,A,B,B,B,B,B,B,B,B,B,B,B,A,B,B,B,B,B,B,B,B,A,A,B,B,B,B,B,B,B,B,A,B,B,B,A
953,B,B,A,B,B,B,B,A,B,B,B,B,B,A,B,B,B,B,A,B,B,A,B,A,B,B,B,B,B,B,B,B,B,A,B,B,B,A,B,B
954,B,B,A,B,B,B,A,B,A,B,B,B,A,B,B,B,B,A,B,B,B,B,B,B,B,B,B,B,B,B,B,B,B,B,A,A,B,B,A,B
955,B,B,B,B,B,B,B,B,B,B,B,A,A,A,B,B,B,B,B,B,B,A,A,B,B,B,B,B,B,A,A,B,A,B,B,B,B,B,B,B
956,A,B,B,B,A,B,A,B,B,B,B,B,A,B,B,A,B,B,B,B,B,B,A,B,B,B,B,A,B,B,B,B,B,B,B,A,B,B,B,B
957,A,B,B,B,B,B,A,B,B,B,B,B,B,B,B,B,A,A,A,B,B,A,B,B,B,B,B,B,B,B,B,B,B,B,B,B,B,A,B,A
958,B,A,B,B,B,B,B,B,B,A,B,B,B,A,B,B,B,B,B,B,B,B,A,B,B,B,A,A,A,A,B,B,B,B,B,B,B,B,B,B
959,B,B,A,A,B,B,B,B,B,B,B,B,B,B,B,B,B,B,A,B,B,B,B,A,A,B,A,B,A,B,B,B,B,A,B,B,B,B,B,B
960,A,B,B,A,B,B,A,B,A,A,B,B,B,B,B,B,B,B,B,B,A,B,B,B,B,B,B,B,B,B,A,B,B,B,B,B,B,B,A,B
961,B,B,B,B,B,B,A,B,B,B,B,A,A,A,A,B,B,B,B,B,B,B,B,B,B,B,A,B,B,B,B,B,B,B,B,A,B,A,B,B
962,B,A,B,B,B,B,B,B,B,A,B,B,B,B,A,B,B,B,A,B,B,B,B,B,B,A,B,A,B,B,B,B,A,B,B,A,B,B,B,B
963,A,B,B,B,B,A,B,B,B,A,B,B,B,B,B,A,B,B,A,B,B,B,B,B,B,B,B,B,B,B,A,A,A,B,B,B,B,B,B,B
964,A,B,A,B,B,B,B,B,B,A,B,B,A,B,B,B,A,B,B,B,B,B,B,B,B,B,A,B,B,B,B,A,B,B,B,B,B,B,B,A
965,B,B,A,B,B,B,B,A,B,B,B,A,B,B,B,B,A,B,B,A,B,B,B,B,B,B,B,B,B,B,B,B,B,B,B,A,A,B,A,B
966,B,B,A,B,B,A,B,B,B,B,B,B,B,B,B,B,B,A,B,B,A,A,B,B,A,B,B,B,B,B,B,A,B,B,B,B,B,A,B,B
967,B,A,B,B,A,B,B,A,A,B,B,B,B,B,B,B,B,B,B,B,A,B,B,B,B,B,B,B,B,B,B,A,B,B,B,A,A,B,B,B
968,B,B,B,B,B,B,A,A,B,B,B,B,A,B,B,B,B,B,B,B,B,B,B,B,A,A,B,B,B,B,B,A,B,B,B,A,B,A,B,B
969,B,B,A,B,A,A,B,A,B,B,A,B,B,B,B,B,B,B,B,A,B,B,B,A,B,B,B,A,B,B,B,B,B,B,B,B,B,B,B,B
970,B,A,B,B,B,B,A,B,B,B,B,B,A,A,B,B,B,B,B,B,B,B,B,B,B,B,B,B,B,A,B,B,B,A,A,B,A,B,B,B
971,B,B,B,B,A,B,B,B,B,B,B,B,B,A,B,B,B,B,B,B,B,B,A,B,A,B,A,B,B,B,B,B,B,B,B,B,A,A,A,B
972,B,B,B,B,B,B,B,B,B,B,B,B,B,B,A,B,A,A,B,B,B,B,A,B,A,B,B,B,B,B,B,B,A,A,B,B,B,B,B,A
973,B,B,B,B,A,B,B,B,B,B,B,B,A,B,B,B,B,B,B,B,B,A,B,B,B,A,B,A,B,B,A,B,A,B,B,B,A,B,B,B
974,B,B,B,B,A,B,B,A,B,B,A,B,B,B,B,A,B,B,B,B,B,B,B,B,B,B,B,B,B,B,B,A,A,B,B,A,B,A,B,B
975,A,B,B,B,B,B,B,B,B,B,B,B,B,B,A,B,B,B,A,B,B,A,B,B,B,B,B,B,A,B,B,B,B,B,B,A,A,B,B,A
976,B,B,B,B,B,B,A,B,A,A,A,B,B,B,A,B,B,B,B,B,B,A,B,B,B,B,B,B,B,B,B,B,B,B,B,B,B,A,A,B
977,B,B,B,B,B,B,A,B,A,B,A,B,A,B,B,B,A,A,B,B,B,B,B,B,B,B,A,B,B,B,A,B,B,B,B,B,B,B,B,B
978,B,B,A,B,B,B,B,A,B,B,B,A,B,A,B,A,A,B,B,B,B,B,B,A,B,B,A,B,B,B,B,B,B,B,B,B,B,B,B,B
979,B,B,B,B,A,B,B,A,B,B,B,B,B,B,B,A,A,A,B,B,B,B,B,B,B,B,B,B,B,B,B,B,B,B,A,A,B,A,B,B
980,B,B,A,B,A,B,B,B,B,B,B,B,B,B,B,B,B,B,B,B,B,B,B,A,B,B,B,B,A,B,B,A,B,B,B,A,A,B,A,B
981,A,B,B,B,A,B,B,B,B,B,B,B,A,B,B,B,B,B,B,B,B,B,A,B,B,B,A,B,A,B,A,B,B,B,B,A,B,B,B,B
982,B,B,B,B,B,A,B,B,B,B,A,B,B,B,B,B,B,A,B,B,B,B,B,B,B,B,B,A,B,A,A,B,B,B,B,A,B,B,A,B
983,B,B,B,A,B,B,B,B,B,B,B,A,B,B,B,B,B,B,B,B,A,B,A,B,B,B,B,B,B,B,B,B,A,B,A,B,B,B,A,A
984,B,B,B,A,B,A,B,B,A,A,B,B,B,B,A,B,B,B,A,A,B,B,B,B,B,B,B,B,B,B,B,B,B,B,B,B,A,B,B,B
985,A,B,B,B,B,B,B,B,B,B,B,B,A,B,A,B,A,B,B,B,B,B,B,B,A,B,B,B,B,B,A,A,B,B,B,A,B,B,B,B
986,B,A,B,B,B,B,B,B,B,B,B,B,A,B,B,B,B,B,B,B,B,B,B,B,B,A,B,B,A,B,A,A,B,A,B,B,B,B,B,A
987,B,B,B,B,A,B,B,B,B,B,B,A,B,B,B,B,B,B,A,B,B,B,A,B,B,B,B,A,B,A,B,B,A,B,B,B,B,A,B,B
988,A,B,B,B,B,A,A,B,B,B,B,B,B,B,B,B,B,B,B,B,B,A,B,A,B,A,B,B,B,B,B,B,B,B,B,A,B,A,B,B
989,B,B,B,B,B,B,B,A,B,B,B,A,B,B,B,A,A,B,A,B,B,B,B,B,B,B,A,B,B,B,A,B,B,B,B,A,B,B,B,B
990,A,B,B,B,A,B,A,B,B,A,B,B,B,B,B,B,B,B,B,B,B,B,B,B,B,B,A,B,B,B,B,B,B,B,B,A,B,B,A,A
991,B,B,B,B,B,B,A,B,B,B,A,A,B,B,B,B,B,B,A,B,B,B,B,B,B,B,B,B,A,B,B,B,B,A,A,B,B,A,B,B
992,A,B,B,B,B,B,B,A,A,A,A,B,A,B,A,B,B,B,B,B,B,B,B,B,B,B,B,B,B,B,B,B,A,B,B,B,B,B,B,B
993,B,B,B,B,B,B,A,B,B,B,B,B,B,A,A,B,B,A,A,B,B,B,B,B,A,B,A,B,B,B,B,B,B,B,B,B,B,B,A,B
994,B,A,B,B,B,B,B,A,B,B,B,A,B,A,A,B,A,B,B,B,B,B,B,B,B,B,B,B,B,B,A,B,B,B,B,B,B,A,B,B
995,B,B,B,B,B,B,A,B,B,A,B,B,B,B,B,B,B,A,B,B,B,A,B,B,B,B,B,B,B,A,B,B,B,B,B,B,A,B,A,A
996,B,A,B,B,B,B,B,B,B,A,B,B,B,A,A,B,B,B,B,B,B,B,A,A,A,B,B,B,B,B,B,B,B,B,B,B,B,B,B,A
997,B,B,B,A,B,A,B,B,B,B,B,A,B,B,B,B,A,B,B,B,B,B,B,B,A,B,B,B,A,B,B,B,A,B,B,B,B,B,A,B
998,B,B,B,B,B,B,B,A,B,B,A,B,B,B,A,B,B,B,B,B,B,B,B,B,B,B,A,A,B,B,B,B,A,B,A,B,B,A,B,B
999,A,B,B,B,B,B,A,B,B,A,B,B,B,B,B,B,B,B,B,B,B,B,B,B,B,B,B,B,A,B,B,B,B,B,B,A,A,A,B,A
